-- phpMyAdmin SQL Dump
-- version 5.0.4
-- https://www.phpmyadmin.net/
--
-- Hôte : 127.0.0.1
-- Généré le : lun. 03 jan. 2022 à 08:05
-- Version du serveur :  10.4.17-MariaDB
-- Version de PHP : 8.0.0

SET SQL_MODE = "NO_AUTO_VALUE_ON_ZERO";
START TRANSACTION;
SET time_zone = "+00:00";


/*!40101 SET @OLD_CHARACTER_SET_CLIENT=@@CHARACTER_SET_CLIENT */;
/*!40101 SET @OLD_CHARACTER_SET_RESULTS=@@CHARACTER_SET_RESULTS */;
/*!40101 SET @OLD_COLLATION_CONNECTION=@@COLLATION_CONNECTION */;
/*!40101 SET NAMES utf8mb4 */;

--
-- Base de données : `consultation_travaux_bibliotheque_isp`
--

-- --------------------------------------------------------

--
-- Structure de la table `consultation`
--

CREATE TABLE `consultation` (
  `numero` bigint(20) UNSIGNED NOT NULL,
  `date_consultation` datetime NOT NULL,
  `id_lecteur` bigint(20) UNSIGNED NOT NULL,
  `matr_trav` int(10) UNSIGNED NOT NULL
) ENGINE=InnoDB DEFAULT CHARSET=utf8;

--
-- Déchargement des données de la table `consultation`
--

INSERT INTO `consultation` (`numero`, `date_consultation`, `id_lecteur`, `matr_trav`) VALUES
(1, '2021-11-03 09:10:15', 1, 1),
(2, '2021-11-03 09:10:17', 1, 1),
(3, '2021-11-03 09:10:18', 1, 1),
(4, '2021-11-03 09:10:20', 1, 1),
(5, '2021-11-03 09:10:21', 1, 1),
(6, '2021-11-03 09:10:22', 1, 1),
(7, '2021-11-03 09:10:23', 1, 1),
(8, '2021-11-03 09:10:36', 1, 5),
(9, '2021-11-03 09:10:51', 1, 1),
(10, '2021-11-03 09:11:01', 1, 1),
(12, '2021-11-03 11:54:32', 1, 55),
(13, '2021-11-03 11:56:33', 1, 55),
(14, '2021-11-04 12:57:07', 1, 55),
(15, '2021-11-04 13:26:15', 1, 1),
(16, '2021-11-05 03:32:48', 1, 1),
(17, '2021-11-06 14:02:28', 1, 1),
(18, '2021-11-06 14:02:32', 1, 1),
(19, '2021-11-06 14:02:35', 1, 1),
(20, '2022-07-01 00:00:00', 1, 1),
(21, '2022-08-21 00:00:00', 1, 1),
(22, '2024-05-17 00:00:00', 1, 1),
(23, '2021-06-08 00:00:00', 1, 1),
(24, '2022-03-18 00:00:00', 1, 1),
(25, '2021-02-05 00:00:00', 1, 1),
(26, '2023-04-14 00:00:00', 1, 1),
(27, '2021-01-10 00:00:00', 1, 1),
(28, '2024-11-25 00:00:00', 1, 1),
(29, '2023-04-07 00:00:00', 1, 1),
(30, '2021-02-03 00:00:00', 1, 1),
(31, '2021-08-08 00:00:00', 1, 1),
(32, '2021-02-09 00:00:00', 1, 1),
(33, '2022-09-19 00:00:00', 1, 1),
(34, '2021-08-06 00:00:00', 1, 1),
(35, '2024-02-07 00:00:00', 1, 1),
(36, '2021-08-11 00:00:00', 1, 1),
(37, '2022-11-08 00:00:00', 1, 1),
(38, '2021-09-04 00:00:00', 1, 1),
(39, '2022-11-13 00:00:00', 1, 1),
(40, '2024-09-09 00:00:00', 1, 1),
(41, '2021-10-27 00:00:00', 1, 1),
(42, '2023-07-23 00:00:00', 1, 1),
(43, '2024-08-14 00:00:00', 1, 1),
(44, '2022-06-10 00:00:00', 1, 1),
(45, '2021-10-20 00:00:00', 1, 1),
(46, '2022-11-11 00:00:00', 1, 1),
(47, '2024-09-07 00:00:00', 1, 1),
(48, '2023-07-03 00:00:00', 1, 1),
(49, '2023-08-21 00:00:00', 1, 1),
(50, '2024-09-12 00:00:00', 1, 1),
(51, '2022-07-08 00:00:00', 1, 1),
(52, '2023-08-26 00:00:00', 1, 1),
(53, '2021-05-22 00:00:00', 1, 1),
(54, '2024-04-09 00:00:00', 1, 1),
(55, '2021-05-27 00:00:00', 1, 1),
(56, '2023-03-23 00:00:00', 1, 1),
(57, '2022-07-06 00:00:00', 1, 1),
(58, '2022-02-11 00:00:00', 1, 1),
(59, '2021-06-20 00:00:00', 1, 1),
(60, '2023-04-16 00:00:00', 1, 1),
(61, '2024-05-08 00:00:00', 1, 1),
(62, '2022-02-04 00:00:00', 1, 1),
(63, '2023-03-22 00:00:00', 1, 1),
(64, '2021-01-18 00:00:00', 1, 1),
(65, '2022-02-09 00:00:00', 1, 1),
(66, '2024-11-05 00:00:00', 1, 1),
(67, '2021-01-23 00:00:00', 1, 1),
(68, '2023-10-19 00:00:00', 1, 1),
(69, '2024-11-10 00:00:00', 1, 1),
(70, '2022-08-06 00:00:00', 1, 1),
(71, '2023-09-24 00:00:00', 1, 1),
(72, '2021-07-20 00:00:00', 1, 1),
(73, '2024-11-03 00:00:00', 1, 1),
(74, '2021-01-21 00:00:00', 1, 1),
(75, '2023-10-17 00:00:00', 1, 1),
(76, '2021-01-26 00:00:00', 1, 1),
(77, '2023-10-22 00:00:00', 1, 1),
(78, '2021-08-18 00:00:00', 1, 1),
(79, '2024-06-05 00:00:00', 1, 1),
(80, '2024-01-06 00:00:00', 1, 1),
(81, '2021-02-24 00:00:00', 1, 1),
(82, '2023-10-20 00:00:00', 1, 1),
(83, '2021-08-16 00:00:00', 1, 1),
(84, '2023-10-25 00:00:00', 1, 1),
(85, '2021-08-21 00:00:00', 1, 1),
(86, '2022-09-12 00:00:00', 1, 1),
(87, '2024-07-08 00:00:00', 1, 1),
(88, '2021-08-26 00:00:00', 1, 1),
(89, '2023-05-22 00:00:00', 1, 1),
(90, '2024-07-13 00:00:00', 1, 1),
(91, '2022-04-09 00:00:00', 1, 1),
(92, '2021-09-19 00:00:00', 1, 1),
(93, '2021-03-24 00:00:00', 1, 1),
(94, '2024-07-06 00:00:00', 1, 1),
(95, '2021-08-25 00:00:00', 1, 1),
(96, '2022-10-07 00:00:00', 1, 1),
(97, '2021-04-17 00:00:00', 1, 1),
(98, '2022-05-08 00:00:00', 1, 1),
(99, '2024-02-04 00:00:00', 1, 1),
(100, '2021-04-22 00:00:00', 1, 1),
(101, '2023-01-18 00:00:00', 1, 1),
(102, '2024-02-09 00:00:00', 1, 1),
(103, '2023-01-23 00:00:00', 1, 1),
(104, '2021-04-20 00:00:00', 1, 1),
(105, '2024-03-07 00:00:00', 1, 1),
(106, '2024-04-25 00:00:00', 1, 1),
(107, '2023-02-21 00:00:00', 1, 1),
(108, '2023-03-12 00:00:00', 1, 1),
(109, '2022-11-08 00:00:00', 1, 1),
(110, '2022-01-26 00:00:00', 1, 1),
(111, '2021-10-22 00:00:00', 1, 1),
(112, '2023-08-18 00:00:00', 1, 1),
(113, '2021-05-14 00:00:00', 1, 1),
(114, '2023-03-10 00:00:00', 1, 1),
(115, '2021-01-06 00:00:00', 1, 1),
(116, '2024-10-02 00:00:00', 1, 1),
(117, '2024-11-20 00:00:00', 1, 1),
(118, '2023-08-16 00:00:00', 1, 1),
(119, '2023-09-07 00:00:00', 1, 1),
(120, '2024-10-25 00:00:00', 1, 1),
(121, '2022-08-21 00:00:00', 1, 1),
(122, '2021-06-17 00:00:00', 1, 1),
(123, '2022-08-26 00:00:00', 1, 1),
(124, '2024-06-23 00:00:00', 1, 1),
(125, '2023-03-19 00:00:00', 1, 1),
(126, '2023-04-10 00:00:00', 1, 1),
(127, '2021-01-20 00:00:00', 1, 1),
(128, '2023-10-16 00:00:00', 1, 1),
(129, '2022-03-26 00:00:00', 1, 1),
(130, '2022-08-03 00:00:00', 1, 1),
(131, '2021-02-13 00:00:00', 1, 1),
(132, '2022-04-22 00:00:00', 1, 1),
(133, '2024-01-18 00:00:00', 1, 1),
(134, '2024-07-19 00:00:00', 1, 1),
(135, '2024-01-23 00:00:00', 1, 1),
(136, '2022-10-19 00:00:00', 1, 1),
(137, '2021-08-15 00:00:00', 1, 1),
(138, '2023-05-11 00:00:00', 1, 1),
(139, '2023-11-12 00:00:00', 1, 1),
(140, '2023-05-16 00:00:00', 1, 1),
(141, '2022-10-17 00:00:00', 1, 1),
(142, '2023-11-08 00:00:00', 1, 1),
(143, '2023-06-09 00:00:00', 1, 1),
(144, '2021-04-05 00:00:00', 1, 1),
(145, '2023-06-14 00:00:00', 1, 1),
(146, '2021-03-10 00:00:00', 1, 1),
(147, '2021-10-02 00:00:00', 1, 1),
(148, '2022-11-20 00:00:00', 1, 1),
(149, '2024-08-16 00:00:00', 1, 1),
(150, '2022-06-12 00:00:00', 1, 1),
(151, '2021-04-08 00:00:00', 1, 1),
(152, '2021-09-13 00:00:00', 1, 1),
(153, '2023-07-09 00:00:00', 1, 1),
(154, '2021-05-05 00:00:00', 1, 1),
(155, '2023-02-01 00:00:00', 1, 1),
(156, '2022-11-24 00:00:00', 1, 1),
(157, '2024-09-20 00:00:00', 1, 1),
(158, '2021-10-11 00:00:00', 1, 1),
(159, '2023-08-07 00:00:00', 1, 1),
(160, '2024-09-25 00:00:00', 1, 1),
(161, '2022-06-21 00:00:00', 1, 1),
(162, '2023-07-12 00:00:00', 1, 1),
(163, '2021-05-08 00:00:00', 1, 1),
(164, '2023-03-04 00:00:00', 1, 1),
(165, '2021-11-27 00:00:00', 1, 1),
(166, '2023-03-09 00:00:00', 1, 1),
(167, '2022-08-10 00:00:00', 1, 1),
(168, '2021-07-24 00:00:00', 1, 1),
(169, '2022-02-16 00:00:00', 1, 1),
(170, '2022-08-08 00:00:00', 1, 1),
(171, '2021-01-08 00:00:00', 1, 1),
(172, '2024-10-22 00:00:00', 1, 1),
(173, '2021-01-01 00:00:00', 1, 1),
(174, '2023-05-01 00:00:00', 1, 1),
(175, '2023-10-02 00:00:00', 1, 1),
(176, '2023-05-21 00:00:00', 1, 1),
(177, '2022-04-08 00:00:00', 1, 1),
(178, '2021-03-23 00:00:00', 1, 1),
(179, '2024-02-10 00:00:00', 1, 1),
(180, '2022-04-19 00:00:00', 1, 1),
(181, '2021-09-20 00:00:00', 1, 1),
(182, '2022-04-12 00:00:00', 1, 1),
(183, '2023-06-21 00:00:00', 1, 1),
(184, '2022-04-17 00:00:00', 1, 1),
(185, '2024-02-13 00:00:00', 1, 1),
(186, '2022-11-09 00:00:00', 1, 1),
(187, '2024-08-05 00:00:00', 1, 1),
(188, '2022-06-01 00:00:00', 1, 1),
(189, '2021-05-15 00:00:00', 1, 1),
(190, '2024-02-11 00:00:00', 1, 1),
(191, '2024-08-15 00:00:00', 1, 1),
(192, '2023-02-16 00:00:00', 1, 1),
(193, '2022-11-12 00:00:00', 1, 1),
(194, '2023-02-21 00:00:00', 1, 1),
(195, '2022-01-08 00:00:00', 1, 1),
(196, '2023-03-14 00:00:00', 1, 1),
(197, '2022-02-01 00:00:00', 1, 1),
(198, '2021-10-24 00:00:00', 1, 1),
(199, '2022-01-06 00:00:00', 1, 1),
(200, '2021-05-21 00:00:00', 1, 1),
(201, '2024-04-09 00:00:00', 1, 1),
(202, '2021-01-19 00:00:00', 1, 1),
(203, '2023-09-15 00:00:00', 1, 1),
(204, '2024-06-25 00:00:00', 1, 1),
(205, '2021-07-16 00:00:00', 1, 1),
(206, '2024-06-03 00:00:00', 1, 1),
(207, '2024-11-04 00:00:00', 1, 1),
(208, '2024-05-08 00:00:00', 1, 1),
(209, '2023-10-18 00:00:00', 1, 1),
(210, '2021-07-14 00:00:00', 1, 1),
(211, '2022-08-05 00:00:00', 1, 1),
(212, '2024-06-01 00:00:00', 1, 1),
(213, '2021-07-19 00:00:00', 1, 1),
(214, '2023-05-15 00:00:00', 1, 1),
(215, '2024-06-06 00:00:00', 1, 1),
(216, '2022-04-02 00:00:00', 1, 1),
(217, '2023-05-20 00:00:00', 1, 1),
(218, '2022-03-07 00:00:00', 1, 1),
(219, '2023-11-17 00:00:00', 1, 1),
(220, '2024-09-12 00:00:00', 1, 1),
(221, '2021-12-22 00:00:00', 1, 1),
(222, '2024-09-18 00:00:00', 1, 1),
(223, '2023-03-19 00:00:00', 1, 1),
(224, '2021-12-15 00:00:00', 1, 1),
(225, '2022-02-05 00:00:00', 1, 1),
(226, '2024-11-01 00:00:00', 1, 1),
(227, '2021-12-20 00:00:00', 1, 1),
(228, '2023-02-01 00:00:00', 1, 1),
(229, '2022-07-12 00:00:00', 1, 1),
(230, '2024-05-07 00:00:00', 1, 1),
(231, '2021-06-26 00:00:00', 1, 1),
(232, '2023-03-22 00:00:00', 1, 1),
(233, '2024-04-13 00:00:00', 1, 1),
(234, '2021-07-22 00:00:00', 1, 1),
(235, '2024-11-04 00:00:00', 1, 1),
(236, '2022-09-28 00:00:00', 1, 1),
(237, '2022-03-05 00:00:00', 1, 1),
(238, '2021-12-01 00:00:00', 1, 1),
(239, '2023-05-11 00:00:00', 1, 1),
(240, '2021-07-20 00:00:00', 1, 1),
(241, '2023-05-16 00:00:00', 1, 1),
(242, '2023-05-21 00:00:00', 1, 1),
(243, '2021-02-17 00:00:00', 1, 1),
(244, '2021-08-18 00:00:00', 1, 1),
(245, '2023-05-19 00:00:00', 1, 1),
(246, '2021-03-15 00:00:00', 1, 1),
(247, '2022-04-06 00:00:00', 1, 1),
(248, '2024-01-02 00:00:00', 1, 1),
(249, '2022-11-26 00:00:00', 1, 1),
(250, '2024-08-22 00:00:00', 1, 1),
(251, '2021-09-12 00:00:00', 1, 1),
(252, '2023-07-08 00:00:00', 1, 1),
(253, '2024-08-27 00:00:00', 1, 1),
(254, '2022-06-23 00:00:00', 1, 1),
(255, '2023-07-14 00:00:00', 1, 1),
(256, '2021-04-09 00:00:00', 1, 1),
(257, '2022-05-28 00:00:00', 1, 1),
(258, '2024-03-24 00:00:00', 1, 1),
(259, '2021-04-15 00:00:00', 1, 1),
(260, '2023-01-11 00:00:00', 1, 1),
(261, '2022-06-21 00:00:00', 1, 1),
(262, '2022-12-25 00:00:00', 1, 1),
(263, '2021-05-08 00:00:00', 1, 1),
(264, '2024-03-22 00:00:00', 1, 1),
(265, '2023-01-18 00:00:00', 1, 1),
(266, '2023-02-09 00:00:00', 1, 1),
(267, '2022-12-05 00:00:00', 1, 1),
(268, '2022-01-23 00:00:00', 1, 1),
(269, '2021-10-19 00:00:00', 1, 1),
(270, '2023-08-15 00:00:00', 1, 1),
(271, '2024-09-06 00:00:00', 1, 1),
(272, '2023-03-07 00:00:00', 1, 1),
(273, '2021-05-16 00:00:00', 1, 1),
(274, '2024-11-17 00:00:00', 1, 1),
(275, '2022-01-27 00:00:00', 1, 1),
(276, '2024-11-23 00:00:00', 1, 1),
(277, '2022-01-04 00:00:00', 1, 1),
(278, '2024-10-28 00:00:00', 1, 1),
(279, '2023-03-10 00:00:00', 1, 1),
(280, '2023-09-14 00:00:00', 1, 1),
(281, '2022-02-25 00:00:00', 1, 1),
(282, '2024-11-21 00:00:00', 1, 1),
(283, '2021-12-11 00:00:00', 1, 1),
(284, '2023-10-07 00:00:00', 1, 1),
(285, '2024-11-26 00:00:00', 1, 1),
(286, '2022-08-22 00:00:00', 1, 1),
(287, '2021-07-08 00:00:00', 1, 1),
(288, '2022-08-27 00:00:00', 1, 1),
(289, '2024-06-23 00:00:00', 1, 1),
(290, '2021-07-14 00:00:00', 1, 1),
(291, '2023-04-10 00:00:00', 1, 1),
(292, '2024-06-28 00:00:00', 1, 1),
(293, '2022-03-24 00:00:00', 1, 1),
(294, '2021-08-06 00:00:00', 1, 1),
(295, '2021-02-11 00:00:00', 1, 1),
(296, '2024-06-21 00:00:00', 1, 1),
(297, '2022-04-17 00:00:00', 1, 1),
(298, '2023-05-08 00:00:00', 1, 1),
(299, '2021-02-03 00:00:00', 1, 1),
(300, '2022-04-22 00:00:00', 1, 1),
(301, '2024-01-18 00:00:00', 1, 1),
(302, '2021-02-09 00:00:00', 1, 1),
(303, '2021-08-10 00:00:00', 1, 1),
(304, '2024-07-24 00:00:00', 1, 1),
(305, '2021-09-06 00:00:00', 1, 1),
(306, '2023-07-02 00:00:00', 1, 1),
(307, '2022-05-16 00:00:00', 1, 1),
(308, '2021-03-12 00:00:00', 1, 1),
(309, '2021-04-03 00:00:00', 1, 1),
(310, '2023-07-28 00:00:00', 1, 1),
(311, '2024-08-18 00:00:00', 1, 1),
(312, '2022-06-14 00:00:00', 1, 1),
(313, '2023-07-05 00:00:00', 1, 1),
(314, '2021-04-01 00:00:00', 1, 1),
(315, '2022-06-20 00:00:00', 1, 1),
(316, '2024-03-16 00:00:00', 1, 1),
(317, '2022-01-11 00:00:00', 1, 1),
(318, '2023-02-02 00:00:00', 1, 1),
(319, '2021-11-26 00:00:00', 1, 1),
(320, '2022-12-17 00:00:00', 1, 1),
(321, '2024-10-13 00:00:00', 1, 1),
(322, '2021-11-03 00:00:00', 1, 1),
(323, '2023-08-27 00:00:00', 1, 1),
(324, '2022-01-09 00:00:00', 1, 1),
(325, '2022-07-14 00:00:00', 1, 1),
(326, '2021-12-24 00:00:00', 1, 1),
(327, '2023-09-20 00:00:00', 1, 1),
(328, '2024-10-11 00:00:00', 1, 1),
(329, '2022-08-07 00:00:00', 1, 1),
(330, '2023-09-25 00:00:00', 1, 1),
(331, '2021-07-21 00:00:00', 1, 1),
(332, '2024-04-17 00:00:00', 1, 1),
(333, '2023-03-04 00:00:00', 1, 1),
(334, '2023-04-22 00:00:00', 1, 1),
(335, '2022-02-09 00:00:00', 1, 1),
(336, '2021-12-05 00:00:00', 1, 1),
(337, '2021-01-23 00:00:00', 1, 1),
(338, '2024-11-19 00:00:00', 1, 1),
(339, '2024-12-10 00:00:00', 1, 1),
(340, '2023-09-06 00:00:00', 1, 1),
(341, '2022-02-16 00:00:00', 1, 1),
(342, '2022-08-21 00:00:00', 1, 1),
(343, '2021-01-03 00:00:00', 1, 1),
(344, '2023-10-27 00:00:00', 1, 1),
(345, '2024-11-17 00:00:00', 1, 1),
(346, '2022-09-13 00:00:00', 1, 1),
(347, '2023-10-04 00:00:00', 1, 1),
(348, '2021-07-28 00:00:00', 1, 1),
(349, '2022-08-19 00:00:00', 1, 1),
(350, '2024-06-14 00:00:00', 1, 1),
(351, '2021-07-05 00:00:00', 1, 1),
(352, '2023-05-01 00:00:00', 1, 1),
(353, '2022-10-02 00:00:00', 1, 1),
(354, '2022-04-06 00:00:00', 1, 1),
(355, '2021-09-17 00:00:00', 1, 1),
(356, '2024-07-13 00:00:00', 1, 1),
(357, '2024-08-03 00:00:00', 1, 1),
(358, '2023-05-27 00:00:00', 1, 1),
(359, '2023-06-18 00:00:00', 1, 1),
(360, '2022-05-04 00:00:00', 1, 1),
(361, '2021-02-28 00:00:00', 1, 1),
(362, '2021-04-19 00:00:00', 1, 1),
(363, '2022-11-11 00:00:00', 1, 1),
(364, '2023-12-01 00:00:00', 1, 1),
(365, '2023-07-21 00:00:00', 1, 1),
(366, '2021-09-03 00:00:00', 1, 1),
(367, '2022-11-09 00:00:00', 1, 1),
(368, '2022-12-28 00:00:00', 1, 1),
(369, '2024-03-09 00:00:00', 1, 1),
(370, '2024-08-10 00:00:00', 1, 1),
(371, '2022-06-06 00:00:00', 1, 1),
(372, '2024-03-02 00:00:00', 1, 1),
(373, '2024-09-06 00:00:00', 1, 1),
(374, '2022-07-02 00:00:00', 1, 1),
(375, '2021-12-12 00:00:00', 1, 1),
(376, '2021-06-16 00:00:00', 1, 1),
(377, '2024-03-12 00:00:00', 1, 1),
(378, '2023-09-13 00:00:00', 1, 1),
(379, '2023-09-19 00:00:00', 1, 1),
(380, '2021-06-15 00:00:00', 1, 1),
(381, '2022-07-05 00:00:00', 1, 1),
(382, '2021-12-16 00:00:00', 1, 1),
(383, '2021-06-20 00:00:00', 1, 1),
(384, '2023-03-16 00:00:00', 1, 1),
(385, '2022-02-02 00:00:00', 1, 1),
(386, '2022-08-03 00:00:00', 1, 1),
(387, '2023-10-13 00:00:00', 1, 1),
(388, '2023-04-14 00:00:00', 1, 1),
(389, '2021-06-23 00:00:00', 1, 1),
(390, '2024-11-06 00:00:00', 1, 1),
(391, '2022-08-01 00:00:00', 1, 1),
(392, '2023-10-20 00:00:00', 1, 1),
(393, '2021-07-16 00:00:00', 1, 1),
(394, '2022-08-07 00:00:00', 1, 1),
(395, '2024-06-03 00:00:00', 1, 1),
(396, '2021-07-21 00:00:00', 1, 1),
(397, '2023-04-17 00:00:00', 1, 1),
(398, '2024-06-08 00:00:00', 1, 1),
(399, '2022-03-04 00:00:00', 1, 1),
(400, '2023-04-22 00:00:00', 1, 1),
(401, '2022-03-09 00:00:00', 1, 1),
(402, '2024-12-05 00:00:00', 1, 1),
(403, '2023-05-15 00:00:00', 1, 1),
(404, '2023-11-20 00:00:00', 1, 1),
(405, '2022-04-02 00:00:00', 1, 1),
(406, '2024-01-26 00:00:00', 1, 1),
(407, '2021-02-16 00:00:00', 1, 1),
(408, '2023-12-12 00:00:00', 1, 1),
(409, '2024-02-22 00:00:00', 1, 1),
(410, '2024-08-23 00:00:00', 1, 1),
(411, '2023-06-09 00:00:00', 1, 1),
(412, '2021-09-19 00:00:00', 1, 1),
(413, '2023-06-15 00:00:00', 1, 1),
(414, '2021-04-10 00:00:00', 1, 1),
(415, '2021-10-11 00:00:00', 1, 1),
(416, '2021-04-16 00:00:00', 1, 1),
(417, '2024-09-17 00:00:00', 1, 1),
(418, '2023-08-03 00:00:00', 1, 1),
(419, '2022-07-18 00:00:00', 1, 1),
(420, '2021-05-05 00:00:00', 1, 1),
(421, '2021-11-06 00:00:00', 1, 1),
(422, '2023-01-15 00:00:00', 1, 1),
(423, '2022-07-16 00:00:00', 1, 1),
(424, '2024-10-25 00:00:00', 1, 1),
(425, '2024-03-27 00:00:00', 1, 1),
(426, '2024-05-17 00:00:00', 1, 1),
(427, '2023-02-13 00:00:00', 1, 1),
(428, '2022-01-28 00:00:00', 1, 1),
(429, '2021-06-01 00:00:00', 1, 1),
(430, '2023-09-10 00:00:00', 1, 1),
(431, '2022-03-11 00:00:00', 1, 1),
(432, '2023-09-15 00:00:00', 1, 1),
(433, '2021-01-26 00:00:00', 1, 1),
(434, '2024-11-22 00:00:00', 1, 1),
(435, '2024-12-12 00:00:00', 1, 1),
(436, '2023-09-08 00:00:00', 1, 1),
(437, '2023-11-27 00:00:00', 1, 1),
(438, '2022-08-23 00:00:00', 1, 1),
(439, '2022-09-14 00:00:00', 1, 1),
(440, '2021-08-28 00:00:00', 1, 1),
(441, '2024-05-24 00:00:00', 1, 1),
(442, '2022-03-20 00:00:00', 1, 1),
(443, '2023-04-11 00:00:00', 1, 1),
(444, '2021-01-06 00:00:00', 1, 1),
(445, '2022-03-25 00:00:00', 1, 1),
(446, '2024-12-21 00:00:00', 1, 1),
(447, '2021-01-12 00:00:00', 1, 1),
(448, '2023-11-08 00:00:00', 1, 1),
(449, '2021-08-03 00:00:00', 1, 1),
(450, '2022-09-22 00:00:00', 1, 1),
(451, '2024-07-18 00:00:00', 1, 1),
(452, '2023-12-28 00:00:00', 1, 1),
(453, '2023-05-05 00:00:00', 1, 1),
(454, '2022-10-15 00:00:00', 1, 1),
(455, '2024-08-11 00:00:00', 1, 1),
(456, '2021-09-02 00:00:00', 1, 1),
(457, '2023-06-25 00:00:00', 1, 1),
(458, '2021-04-21 00:00:00', 1, 1),
(459, '2022-05-12 00:00:00', 1, 1),
(460, '2024-02-08 00:00:00', 1, 1),
(461, '2021-04-27 00:00:00', 1, 1),
(462, '2023-01-22 00:00:00', 1, 1),
(463, '2024-02-13 00:00:00', 1, 1),
(464, '2022-12-09 00:00:00', 1, 1),
(465, '2021-10-24 00:00:00', 1, 1),
(466, '2022-11-14 00:00:00', 1, 1),
(467, '2024-09-10 00:00:00', 1, 1),
(468, '2021-10-01 00:00:00', 1, 1),
(469, '2023-08-25 00:00:00', 1, 1),
(470, '2022-12-07 00:00:00', 1, 1),
(471, '2022-06-11 00:00:00', 1, 1),
(472, '2021-11-22 00:00:00', 1, 1),
(473, '2023-08-18 00:00:00', 1, 1),
(474, '2024-10-08 00:00:00', 1, 1),
(475, '2021-11-27 00:00:00', 1, 1),
(476, '2023-08-23 00:00:00', 1, 1),
(477, '2021-10-04 00:00:00', 1, 1),
(478, '2023-08-28 00:00:00', 1, 1),
(479, '2022-01-10 00:00:00', 1, 1),
(480, '2023-02-01 00:00:00', 1, 1),
(481, '2021-11-25 00:00:00', 1, 1),
(482, '2023-09-21 00:00:00', 1, 1),
(483, '2023-03-25 00:00:00', 1, 1),
(484, '2022-07-08 00:00:00', 1, 1),
(485, '2024-05-03 00:00:00', 1, 1),
(486, '2021-06-22 00:00:00', 1, 1),
(487, '2022-02-05 00:00:00', 1, 1),
(488, '2024-04-14 00:00:00', 1, 1),
(489, '2024-11-06 00:00:00', 1, 1),
(490, '2021-01-24 00:00:00', 1, 1),
(491, '2023-10-20 00:00:00', 1, 1),
(492, '2024-11-11 00:00:00', 1, 1),
(493, '2023-04-21 00:00:00', 1, 1),
(494, '2021-01-17 00:00:00', 1, 1),
(495, '2022-03-08 00:00:00', 1, 1),
(496, '2024-12-04 00:00:00', 1, 1),
(497, '2021-01-23 00:00:00', 1, 1),
(498, '2023-11-18 00:00:00', 1, 1),
(499, '2024-12-09 00:00:00', 1, 1),
(500, '2022-09-05 00:00:00', 1, 1),
(501, '2023-10-24 00:00:00', 1, 1),
(502, '2024-12-14 00:00:00', 1, 1),
(503, '2022-09-10 00:00:00', 1, 1),
(504, '2024-07-06 00:00:00', 1, 1),
(505, '2024-12-07 00:00:00', 1, 1),
(506, '2021-03-17 00:00:00', 1, 1),
(507, '2022-04-07 00:00:00', 1, 1),
(508, '2024-01-03 00:00:00', 1, 1),
(509, '2023-06-14 00:00:00', 1, 1),
(510, '2023-12-18 00:00:00', 1, 1),
(511, '2022-05-28 00:00:00', 1, 1),
(512, '2021-03-15 00:00:00', 1, 1),
(513, '2023-01-11 00:00:00', 1, 1),
(514, '2024-02-01 00:00:00', 1, 1),
(515, '2022-11-25 00:00:00', 1, 1),
(516, '2023-01-16 00:00:00', 1, 1),
(517, '2021-10-12 00:00:00', 1, 1),
(518, '2022-11-02 00:00:00', 1, 1),
(519, '2024-09-26 00:00:00', 1, 1),
(520, '2023-06-22 00:00:00', 1, 1),
(521, '2023-07-13 00:00:00', 1, 1),
(522, '2022-05-09 00:00:00', 1, 1),
(523, '2022-06-28 00:00:00', 1, 1),
(524, '2021-04-23 00:00:00', 1, 1),
(525, '2021-05-14 00:00:00', 1, 1),
(526, '2024-02-10 00:00:00', 1, 1),
(527, '2022-12-06 00:00:00', 1, 1),
(528, '2024-09-02 00:00:00', 1, 1),
(529, '2022-07-26 00:00:00', 1, 1),
(530, '2023-08-16 00:00:00', 1, 1),
(531, '2024-09-07 00:00:00', 1, 1),
(532, '2022-06-03 00:00:00', 1, 1),
(533, '2021-11-13 00:00:00', 1, 1),
(534, '2021-05-17 00:00:00', 1, 1),
(535, '2023-03-13 00:00:00', 1, 1),
(536, '2021-12-09 00:00:00', 1, 1),
(537, '2024-11-24 00:00:00', 1, 1),
(538, '2023-03-06 00:00:00', 1, 1),
(539, '2023-09-10 00:00:00', 1, 1),
(540, '2022-02-21 00:00:00', 1, 1),
(541, '2024-11-17 00:00:00', 1, 1),
(542, '2021-01-07 00:00:00', 1, 1),
(543, '2023-10-03 00:00:00', 1, 1),
(544, '2024-11-22 00:00:00', 1, 1),
(545, '2022-09-18 00:00:00', 1, 1),
(546, '2024-11-27 00:00:00', 1, 1),
(547, '2022-09-23 00:00:00', 1, 1),
(548, '2023-10-14 00:00:00', 1, 1),
(549, '2021-07-10 00:00:00', 1, 1),
(550, '2024-12-20 00:00:00', 1, 1),
(551, '2024-06-24 00:00:00', 1, 1),
(552, '2023-10-07 00:00:00', 1, 1),
(553, '2021-02-07 00:00:00', 1, 1),
(554, '2023-04-13 00:00:00', 1, 1),
(555, '2023-05-04 00:00:00', 1, 1),
(556, '2022-03-27 00:00:00', 1, 1),
(557, '2022-04-18 00:00:00', 1, 1),
(558, '2021-01-14 00:00:00', 1, 1),
(559, '2021-03-05 00:00:00', 1, 1),
(560, '2024-01-19 00:00:00', 1, 1),
(561, '2024-07-20 00:00:00', 1, 1),
(562, '2021-08-16 00:00:00', 1, 1),
(563, '2021-03-08 00:00:00', 1, 1),
(564, '2021-10-28 00:00:00', 1, 1),
(565, '2023-06-10 00:00:00', 1, 1),
(566, '2023-07-01 00:00:00', 1, 1),
(567, '2023-01-02 00:00:00', 1, 1),
(568, '2023-07-06 00:00:00', 1, 1),
(569, '2024-03-17 00:00:00', 1, 1),
(570, '2022-06-14 00:00:00', 1, 1),
(571, '2024-09-23 00:00:00', 1, 1),
(572, '2023-01-05 00:00:00', 1, 1),
(573, '2023-07-10 00:00:00', 1, 1),
(574, '2022-12-20 00:00:00', 1, 1),
(575, '2023-08-02 00:00:00', 1, 1),
(576, '2021-12-03 00:00:00', 1, 1),
(577, '2022-02-09 00:00:00', 1, 1),
(578, '2023-03-28 00:00:00', 1, 1),
(579, '2021-12-23 00:00:00', 1, 1),
(580, '2024-10-19 00:00:00', 1, 1),
(581, '2023-09-06 00:00:00', 1, 1),
(582, '2022-07-20 00:00:00', 1, 1),
(583, '2021-06-07 00:00:00', 1, 1),
(584, '2022-02-17 00:00:00', 1, 1),
(585, '2023-04-27 00:00:00', 1, 1),
(586, '2022-09-09 00:00:00', 1, 1),
(587, '2024-06-05 00:00:00', 1, 1),
(588, '2021-08-24 00:00:00', 1, 1),
(589, '2023-05-20 00:00:00', 1, 1),
(590, '2024-06-10 00:00:00', 1, 1),
(591, '2022-04-06 00:00:00', 1, 1),
(592, '2021-02-21 00:00:00', 1, 1),
(593, '2022-03-12 00:00:00', 1, 1),
(594, '2024-01-07 00:00:00', 1, 1),
(595, '2023-12-22 00:00:00', 1, 1),
(596, '2022-10-09 00:00:00', 1, 1),
(597, '2021-03-19 00:00:00', 1, 1),
(598, '2021-09-23 00:00:00', 1, 1),
(599, '2024-06-19 00:00:00', 1, 1),
(600, '2022-11-01 00:00:00', 1, 1),
(601, '2023-12-20 00:00:00', 1, 1),
(602, '2021-10-16 00:00:00', 1, 1),
(603, '2022-11-07 00:00:00', 1, 1),
(604, '2024-08-03 00:00:00', 1, 1),
(605, '2021-09-21 00:00:00', 1, 1),
(606, '2021-09-27 00:00:00', 1, 1),
(607, '2023-07-22 00:00:00', 1, 1),
(608, '2022-05-09 00:00:00', 1, 1),
(609, '2022-11-10 00:00:00', 1, 1),
(610, '2024-09-06 00:00:00', 1, 1),
(611, '2022-11-15 00:00:00', 1, 1),
(612, '2021-10-02 00:00:00', 1, 1),
(613, '2023-07-26 00:00:00', 1, 1),
(614, '2022-12-08 00:00:00', 1, 1),
(615, '2023-02-18 00:00:00', 1, 1),
(616, '2021-11-19 00:00:00', 1, 1),
(617, '2022-06-10 00:00:00', 1, 1),
(618, '2024-04-06 00:00:00', 1, 1),
(619, '2021-06-16 00:00:00', 1, 1),
(620, '2021-12-17 00:00:00', 1, 1),
(621, '2023-09-18 00:00:00', 1, 1),
(622, '2022-08-05 00:00:00', 1, 1),
(623, '2021-01-15 00:00:00', 1, 1),
(624, '2021-07-19 00:00:00', 1, 1),
(625, '2023-04-15 00:00:00', 1, 1),
(626, '2022-03-02 00:00:00', 1, 1),
(627, '2024-11-12 00:00:00', 1, 1),
(628, '2022-08-08 00:00:00', 1, 1),
(629, '2021-01-18 00:00:00', 1, 1),
(630, '2021-07-23 00:00:00', 1, 1),
(631, '2021-02-14 00:00:00', 1, 1),
(632, '2021-08-15 00:00:00', 1, 1),
(633, '2022-09-06 00:00:00', 1, 1),
(634, '2024-06-02 00:00:00', 1, 1),
(635, '2021-08-21 00:00:00', 1, 1),
(636, '2023-05-16 00:00:00', 1, 1),
(637, '2024-06-07 00:00:00', 1, 1),
(638, '2022-04-03 00:00:00', 1, 1),
(639, '2023-05-22 00:00:00', 1, 1),
(640, '2023-12-14 00:00:00', 1, 1),
(641, '2022-10-28 00:00:00', 1, 1),
(642, '2023-12-19 00:00:00', 1, 1),
(643, '2021-09-15 00:00:00', 1, 1),
(644, '2024-02-25 00:00:00', 1, 1),
(645, '2024-08-01 00:00:00', 1, 1),
(646, '2023-12-12 00:00:00', 1, 1),
(647, '2021-10-07 00:00:00', 1, 1),
(648, '2024-09-22 00:00:00', 1, 1),
(649, '2021-10-13 00:00:00', 1, 1),
(650, '2024-08-27 00:00:00', 1, 1),
(651, '2022-06-23 00:00:00', 1, 1),
(652, '2021-04-10 00:00:00', 1, 1),
(653, '2021-10-11 00:00:00', 1, 1),
(654, '2022-11-02 00:00:00', 1, 1),
(655, '2024-09-25 00:00:00', 1, 1),
(656, '2022-06-21 00:00:00', 1, 1),
(657, '2022-12-26 00:00:00', 1, 1),
(658, '2024-10-21 00:00:00', 1, 1),
(659, '2023-03-04 00:00:00', 1, 1),
(660, '2023-08-08 00:00:00', 1, 1),
(661, '2023-02-09 00:00:00', 1, 1),
(662, '2022-01-24 00:00:00', 1, 1),
(663, '2024-10-20 00:00:00', 1, 1),
(664, '2021-12-10 00:00:00', 1, 1),
(665, '2023-09-06 00:00:00', 1, 1),
(666, '2024-10-25 00:00:00', 1, 1),
(667, '2022-08-21 00:00:00', 1, 1),
(668, '2023-09-11 00:00:00', 1, 1),
(669, '2024-11-18 00:00:00', 1, 1),
(670, '2024-05-22 00:00:00', 1, 1),
(671, '2023-10-04 00:00:00', 1, 1),
(672, '2021-07-28 00:00:00', 1, 1),
(673, '2022-08-19 00:00:00', 1, 1),
(674, '2024-06-15 00:00:00', 1, 1),
(675, '2023-09-15 00:00:00', 1, 1),
(676, '2022-03-16 00:00:00', 1, 1),
(677, '2021-02-02 00:00:00', 1, 1),
(678, '2022-03-21 00:00:00', 1, 1),
(679, '2024-12-17 00:00:00', 1, 1),
(680, '2021-01-08 00:00:00', 1, 1),
(681, '2024-06-18 00:00:00', 1, 1),
(682, '2022-04-14 00:00:00', 1, 1),
(683, '2024-07-14 00:00:00', 1, 1),
(684, '2023-06-01 00:00:00', 1, 1),
(685, '2022-10-11 00:00:00', 1, 1),
(686, '2021-08-07 00:00:00', 1, 1),
(687, '2021-09-26 00:00:00', 1, 1),
(688, '2024-07-21 00:00:00', 1, 1),
(689, '2024-08-12 00:00:00', 1, 1),
(690, '2023-06-27 00:00:00', 1, 1),
(691, '2023-12-28 00:00:00', 1, 1),
(692, '2024-01-18 00:00:00', 1, 1),
(693, '2022-11-14 00:00:00', 1, 1),
(694, '2023-12-05 00:00:00', 1, 1),
(695, '2021-09-01 00:00:00', 1, 1),
(696, '2021-04-21 00:00:00', 1, 1),
(697, '2024-03-07 00:00:00', 1, 1),
(698, '2021-04-26 00:00:00', 1, 1),
(699, '2023-02-22 00:00:00', 1, 1),
(700, '2024-03-13 00:00:00', 1, 1),
(701, '2022-12-08 00:00:00', 1, 1),
(702, '2023-01-27 00:00:00', 1, 1),
(703, '2021-11-23 00:00:00', 1, 1),
(704, '2022-12-14 00:00:00', 1, 1),
(705, '2021-11-28 00:00:00', 1, 1),
(706, '2021-05-01 00:00:00', 1, 1),
(707, '2023-02-25 00:00:00', 1, 1),
(708, '2021-12-21 00:00:00', 1, 1),
(709, '2023-02-02 00:00:00', 1, 1),
(710, '2022-08-03 00:00:00', 1, 1),
(711, '2021-05-27 00:00:00', 1, 1),
(712, '2024-04-14 00:00:00', 1, 1),
(713, '2022-01-10 00:00:00', 1, 1),
(714, '2022-07-14 00:00:00', 1, 1),
(715, '2022-01-15 00:00:00', 1, 1),
(716, '2022-08-07 00:00:00', 1, 1),
(717, '2024-06-03 00:00:00', 1, 1),
(718, '2022-08-12 00:00:00', 1, 1),
(719, '2021-02-13 00:00:00', 1, 1),
(720, '2023-06-07 00:00:00', 1, 1),
(721, '2021-03-03 00:00:00', 1, 1),
(722, '2022-04-22 00:00:00', 1, 1),
(723, '2021-03-08 00:00:00', 1, 1),
(724, '2023-01-04 00:00:00', 1, 1),
(725, '2021-10-28 00:00:00', 1, 1),
(726, '2023-08-24 00:00:00', 1, 1),
(727, '2024-09-15 00:00:00', 1, 1),
(728, '2022-06-11 00:00:00', 1, 1),
(729, '2023-07-01 00:00:00', 1, 1),
(730, '2023-07-07 00:00:00', 1, 1),
(731, '2022-01-08 00:00:00', 1, 1),
(732, '2023-08-05 00:00:00', 1, 1),
(733, '2022-06-19 00:00:00', 1, 1),
(734, '2024-04-15 00:00:00', 1, 1),
(735, '2021-05-06 00:00:00', 1, 1),
(736, '2023-03-02 00:00:00', 1, 1),
(737, '2024-04-21 00:00:00', 1, 1),
(738, '2022-01-16 00:00:00', 1, 1),
(739, '2021-06-27 00:00:00', 1, 1),
(740, '2021-12-03 00:00:00', 1, 1),
(741, '2022-02-09 00:00:00', 1, 1),
(742, '2024-05-09 00:00:00', 1, 1),
(743, '2023-10-20 00:00:00', 1, 1),
(744, '2023-04-24 00:00:00', 1, 1),
(745, '2023-10-25 00:00:00', 1, 1),
(746, '2024-11-16 00:00:00', 1, 1),
(747, '2022-04-03 00:00:00', 1, 1),
(748, '2023-10-23 00:00:00', 1, 1),
(749, '2023-04-27 00:00:00', 1, 1),
(750, '2022-09-10 00:00:00', 1, 1),
(751, '2024-01-10 00:00:00', 1, 1),
(752, '2024-06-11 00:00:00', 1, 1),
(753, '2021-08-01 00:00:00', 1, 1),
(754, '2023-05-25 00:00:00', 1, 1),
(755, '2024-06-16 00:00:00', 1, 1),
(756, '2022-11-26 00:00:00', 1, 1),
(757, '2023-05-03 00:00:00', 1, 1),
(758, '2024-07-09 00:00:00', 1, 1),
(759, '2024-01-13 00:00:00', 1, 1),
(760, '2023-06-23 00:00:00', 1, 1),
(761, '2022-04-10 00:00:00', 1, 1),
(762, '2024-02-06 00:00:00', 1, 1),
(763, '2021-03-25 00:00:00', 1, 1),
(764, '2023-12-20 00:00:00', 1, 1),
(765, '2024-02-11 00:00:00', 1, 1),
(766, '2022-11-07 00:00:00', 1, 1),
(767, '2021-10-22 00:00:00', 1, 1),
(768, '2024-08-08 00:00:00', 1, 1),
(769, '2021-09-27 00:00:00', 1, 1),
(770, '2023-07-23 00:00:00', 1, 1),
(771, '2022-12-05 00:00:00', 1, 1),
(772, '2022-06-09 00:00:00', 1, 1),
(773, '2023-08-16 00:00:00', 1, 1),
(774, '2022-06-02 00:00:00', 1, 1),
(775, '2024-04-26 00:00:00', 1, 1),
(776, '2021-05-17 00:00:00', 1, 1),
(777, '2023-03-13 00:00:00', 1, 1),
(778, '2021-12-08 00:00:00', 1, 1),
(779, '2022-01-27 00:00:00', 1, 1),
(780, '2024-11-23 00:00:00', 1, 1),
(781, '2021-12-14 00:00:00', 1, 1),
(782, '2023-09-10 00:00:00', 1, 1),
(783, '2024-10-28 00:00:00', 1, 1),
(784, '2022-08-24 00:00:00', 1, 1),
(785, '2023-09-15 00:00:00', 1, 1),
(786, '2023-03-16 00:00:00', 1, 1),
(787, '2021-12-12 00:00:00', 1, 1),
(788, '2021-06-16 00:00:00', 1, 1),
(789, '2023-10-13 00:00:00', 1, 1),
(790, '2021-07-09 00:00:00', 1, 1),
(791, '2023-05-05 00:00:00', 1, 1),
(792, '2024-06-24 00:00:00', 1, 1),
(793, '2023-04-10 00:00:00', 1, 1),
(794, '2023-11-07 00:00:00', 1, 1),
(795, '2023-05-08 00:00:00', 1, 1),
(796, '2024-06-27 00:00:00', 1, 1),
(797, '2022-04-23 00:00:00', 1, 1),
(798, '2023-05-13 00:00:00', 1, 1),
(799, '2021-02-09 00:00:00', 1, 1),
(800, '2024-01-24 00:00:00', 1, 1),
(801, '2024-08-16 00:00:00', 1, 1),
(802, '2021-09-06 00:00:00', 1, 1),
(803, '2023-07-02 00:00:00', 1, 1),
(804, '2024-08-21 00:00:00', 1, 1),
(805, '2022-05-17 00:00:00', 1, 1),
(806, '2023-06-08 00:00:00', 1, 1),
(807, '2024-01-27 00:00:00', 1, 1),
(808, '2023-01-05 00:00:00', 1, 1),
(809, '2022-11-28 00:00:00', 1, 1),
(810, '2024-08-24 00:00:00', 1, 1),
(811, '2023-02-25 00:00:00', 1, 1),
(812, '2022-05-26 00:00:00', 1, 1),
(813, '2021-11-27 00:00:00', 1, 1),
(814, '2024-09-22 00:00:00', 1, 1),
(815, '2022-06-18 00:00:00', 1, 1),
(816, '2023-09-28 00:00:00', 1, 1),
(817, '2023-02-01 00:00:00', 1, 1),
(818, '2023-02-06 00:00:00', 1, 1),
(819, '2021-12-02 00:00:00', 1, 1),
(820, '2023-02-11 00:00:00', 1, 1),
(821, '2022-08-12 00:00:00', 1, 1),
(822, '2021-05-08 00:00:00', 1, 1),
(823, '2024-04-23 00:00:00', 1, 1),
(824, '2023-03-09 00:00:00', 1, 1),
(825, '2021-12-05 00:00:00', 1, 1),
(826, '2023-09-01 00:00:00', 1, 1),
(827, '2021-12-11 00:00:00', 1, 1),
(828, '2021-01-01 00:00:00', 1, 1),
(829, '2021-07-02 00:00:00', 1, 1),
(830, '2023-09-12 00:00:00', 1, 1),
(831, '2024-11-18 00:00:00', 1, 1),
(832, '2021-02-27 00:00:00', 1, 1),
(833, '2022-03-18 00:00:00', 1, 1),
(834, '2024-12-14 00:00:00', 1, 1),
(835, '2022-10-10 00:00:00', 1, 1),
(836, '2022-09-15 00:00:00', 1, 1),
(837, '2024-07-11 00:00:00', 1, 1),
(838, '2024-01-12 00:00:00', 1, 1),
(839, '2022-03-21 00:00:00', 1, 1),
(840, '2021-09-22 00:00:00', 1, 1),
(841, '2024-08-09 00:00:00', 1, 1),
(842, '2021-03-01 00:00:00', 1, 1),
(843, '2023-12-25 00:00:00', 1, 1),
(844, '2022-11-11 00:00:00', 1, 1),
(845, '2021-09-26 00:00:00', 1, 1),
(846, '2024-08-12 00:00:00', 1, 1),
(847, '2024-03-04 00:00:00', 1, 1),
(848, '2023-06-04 00:00:00', 1, 1),
(849, '2024-09-11 00:00:00', 1, 1),
(850, '2022-06-12 00:00:00', 1, 1),
(851, '2021-04-26 00:00:00', 1, 1),
(852, '2022-07-08 00:00:00', 1, 1),
(853, '2022-01-09 00:00:00', 1, 1),
(854, '2022-12-14 00:00:00', 1, 1),
(855, '2022-07-06 00:00:00', 1, 1),
(856, '2023-08-25 00:00:00', 1, 1),
(857, '2023-02-26 00:00:00', 1, 1),
(858, '2021-12-21 00:00:00', 1, 1),
(859, '2022-01-12 00:00:00', 1, 1),
(860, '2024-10-08 00:00:00', 1, 1),
(861, '2022-08-04 00:00:00', 1, 1),
(862, '2024-05-05 00:00:00', 1, 1),
(863, '2022-08-14 00:00:00', 1, 1),
(864, '2021-01-15 00:00:00', 1, 1),
(865, '2024-12-02 00:00:00', 1, 1),
(866, '2024-06-03 00:00:00', 1, 1),
(867, '2021-07-22 00:00:00', 1, 1),
(868, '2023-04-18 00:00:00', 1, 1),
(869, '2024-06-08 00:00:00', 1, 1),
(870, '2021-08-18 00:00:00', 1, 1),
(871, '2024-01-28 00:00:00', 1, 1),
(872, '2023-11-15 00:00:00', 1, 1),
(873, '2022-10-01 00:00:00', 1, 1),
(874, '2024-07-25 00:00:00', 1, 1),
(875, '2021-08-16 00:00:00', 1, 1),
(876, '2023-06-12 00:00:00', 1, 1),
(877, '2024-07-03 00:00:00', 1, 1),
(878, '2022-05-26 00:00:00', 1, 1),
(879, '2024-02-22 00:00:00', 1, 1),
(880, '2021-03-13 00:00:00', 1, 1),
(881, '2021-09-14 00:00:00', 1, 1),
(882, '2024-08-01 00:00:00', 1, 1),
(883, '2021-10-10 00:00:00', 1, 1),
(884, '2024-08-06 00:00:00', 1, 1),
(885, '2024-09-25 00:00:00', 1, 1),
(886, '2023-06-20 00:00:00', 1, 1),
(887, '2021-04-16 00:00:00', 1, 1),
(888, '2024-02-03 00:00:00', 1, 1),
(889, '2023-07-13 00:00:00', 1, 1),
(890, '2023-01-18 00:00:00', 1, 1),
(891, '2022-06-28 00:00:00', 1, 1),
(892, '2024-03-24 00:00:00', 1, 1),
(893, '2021-04-14 00:00:00', 1, 1),
(894, '2024-03-01 00:00:00', 1, 1),
(895, '2023-02-16 00:00:00', 1, 1),
(896, '2021-11-11 00:00:00', 1, 1),
(897, '2022-12-02 00:00:00', 1, 1),
(898, '2024-10-26 00:00:00', 1, 1),
(899, '2021-11-17 00:00:00', 1, 1),
(900, '2023-08-13 00:00:00', 1, 1),
(901, '2024-09-03 00:00:00', 1, 1),
(902, '2022-07-27 00:00:00', 1, 1),
(903, '2022-01-28 00:00:00', 1, 1),
(904, '2024-10-01 00:00:00', 1, 1),
(905, '2024-05-21 00:00:00', 1, 1),
(906, '2022-02-17 00:00:00', 1, 1),
(907, '2022-02-22 00:00:00', 1, 1),
(908, '2024-12-18 00:00:00', 1, 1),
(909, '2022-02-28 00:00:00', 1, 1),
(910, '2024-12-24 00:00:00', 1, 1),
(911, '2023-04-06 00:00:00', 1, 1),
(912, '2024-12-16 00:00:00', 1, 1),
(913, '2024-12-22 00:00:00', 1, 1),
(914, '2022-10-17 00:00:00', 1, 1),
(915, '2024-12-27 00:00:00', 1, 1),
(916, '2022-09-23 00:00:00', 1, 1),
(917, '2024-07-19 00:00:00', 1, 1),
(918, '2023-06-05 00:00:00', 1, 1),
(919, '2024-02-16 00:00:00', 1, 1),
(920, '2022-05-13 00:00:00', 1, 1),
(921, '2022-11-17 00:00:00', 1, 1),
(922, '2023-06-09 00:00:00', 1, 1),
(923, '2024-07-27 00:00:00', 1, 1),
(924, '2022-05-23 00:00:00', 1, 1),
(925, '2021-09-05 00:00:00', 1, 1),
(926, '2021-03-10 00:00:00', 1, 1),
(927, '2024-08-20 00:00:00', 1, 1),
(928, '2022-05-16 00:00:00', 1, 1),
(929, '2024-03-17 00:00:00', 1, 1),
(930, '2023-01-04 00:00:00', 1, 1),
(931, '2024-04-13 00:00:00', 1, 1),
(932, '2023-01-09 00:00:00', 1, 1),
(933, '2021-06-19 00:00:00', 1, 1),
(934, '2022-12-24 00:00:00', 1, 1),
(935, '2024-04-06 00:00:00', 1, 1),
(936, '2023-02-02 00:00:00', 1, 1),
(937, '2022-01-16 00:00:00', 1, 1),
(938, '2024-10-12 00:00:00', 1, 1),
(939, '2021-11-03 00:00:00', 1, 1),
(940, '2023-09-27 00:00:00', 1, 1),
(941, '2024-11-08 00:00:00', 1, 1),
(942, '2023-10-23 00:00:00', 1, 1),
(943, '2022-02-05 00:00:00', 1, 1),
(944, '2022-08-09 00:00:00', 1, 1),
(945, '2021-01-20 00:00:00', 1, 1),
(946, '2024-10-16 00:00:00', 1, 1),
(947, '2024-12-06 00:00:00', 1, 1),
(948, '2023-09-02 00:00:00', 1, 1),
(949, '2022-08-17 00:00:00', 1, 1),
(950, '2021-06-03 00:00:00', 1, 1),
(951, '2021-07-22 00:00:00', 1, 1),
(952, '2024-05-18 00:00:00', 1, 1),
(953, '2024-06-09 00:00:00', 1, 1),
(954, '2023-04-05 00:00:00', 1, 1),
(955, '2023-05-23 00:00:00', 1, 1),
(956, '2022-02-19 00:00:00', 1, 1),
(957, '2024-07-01 00:00:00', 1, 1),
(958, '2021-01-06 00:00:00', 1, 1),
(959, '2023-06-16 00:00:00', 1, 1),
(960, '2022-09-16 00:00:00', 1, 1),
(961, '2024-06-12 00:00:00', 1, 1),
(962, '2022-04-08 00:00:00', 1, 1),
(963, '2023-05-27 00:00:00', 1, 1),
(964, '2024-01-09 00:00:00', 1, 1),
(965, '2023-06-19 00:00:00', 1, 1),
(966, '2024-07-10 00:00:00', 1, 1),
(967, '2022-05-06 00:00:00', 1, 1),
(968, '2023-06-25 00:00:00', 1, 1),
(969, '2021-03-21 00:00:00', 1, 1),
(970, '2022-04-11 00:00:00', 1, 1),
(971, '2022-11-03 00:00:00', 1, 1),
(972, '2021-10-18 00:00:00', 1, 1),
(973, '2023-07-13 00:00:00', 1, 1),
(974, '2024-09-04 00:00:00', 1, 1),
(975, '2022-06-28 00:00:00', 1, 1),
(976, '2023-07-19 00:00:00', 1, 1),
(977, '2021-05-15 00:00:00', 1, 1),
(978, '2022-06-05 00:00:00', 1, 1),
(979, '2024-03-01 00:00:00', 1, 1),
(980, '2023-01-25 00:00:00', 1, 1),
(981, '2022-07-26 00:00:00', 1, 1),
(982, '2021-05-13 00:00:00', 1, 1),
(983, '2022-06-03 00:00:00', 1, 1),
(984, '2024-04-27 00:00:00', 1, 1),
(985, '2021-05-18 00:00:00', 1, 1),
(986, '2024-04-05 00:00:00', 1, 1),
(987, '2023-02-19 00:00:00', 1, 1),
(988, '2022-07-02 00:00:00', 1, 1),
(989, '2024-05-25 00:00:00', 1, 1),
(990, '2021-06-16 00:00:00', 1, 1),
(991, '2023-03-12 00:00:00', 1, 1),
(992, '2024-04-03 00:00:00', 1, 1),
(993, '2023-03-17 00:00:00', 1, 1),
(994, '2022-02-04 00:00:00', 1, 1),
(995, '2023-03-23 00:00:00', 1, 1),
(996, '2021-12-18 00:00:00', 1, 1),
(997, '2024-05-01 00:00:00', 1, 1),
(998, '2024-11-05 00:00:00', 1, 1),
(999, '2023-04-15 00:00:00', 1, 1),
(1000, '2024-06-25 00:00:00', 1, 1),
(1001, '2021-07-15 00:00:00', 1, 1),
(1002, '2024-12-26 00:00:00', 1, 1),
(1003, '2023-10-12 00:00:00', 1, 1),
(1004, '2023-05-04 00:00:00', 1, 1),
(1005, '2024-11-08 00:00:00', 1, 1),
(1006, '2023-05-09 00:00:00', 1, 1),
(1007, '2021-03-05 00:00:00', 1, 1),
(1008, '2022-10-25 00:00:00', 1, 1),
(1009, '2023-12-06 00:00:00', 1, 1),
(1010, '2023-06-07 00:00:00', 1, 1),
(1011, '2023-12-12 00:00:00', 1, 1),
(1012, '2024-07-04 00:00:00', 1, 1),
(1013, '2023-05-18 00:00:00', 1, 1),
(1014, '2021-10-28 00:00:00', 1, 1),
(1015, '2023-12-10 00:00:00', 1, 1),
(1016, '2023-06-11 00:00:00', 1, 1),
(1017, '2024-08-20 00:00:00', 1, 1),
(1018, '2024-02-21 00:00:00', 1, 1),
(1019, '2022-06-21 00:00:00', 1, 1),
(1020, '2022-12-23 00:00:00', 1, 1),
(1021, '2023-02-04 00:00:00', 1, 1),
(1022, '2023-08-05 00:00:00', 1, 1),
(1023, '2022-06-20 00:00:00', 1, 1),
(1024, '2023-01-11 00:00:00', 1, 1),
(1025, '2023-02-02 00:00:00', 1, 1),
(1026, '2022-12-26 00:00:00', 1, 1),
(1027, '2022-01-17 00:00:00', 1, 1),
(1028, '2021-11-12 00:00:00', 1, 1),
(1029, '2022-01-22 00:00:00', 1, 1),
(1030, '2023-08-14 00:00:00', 1, 1),
(1031, '2021-05-10 00:00:00', 1, 1),
(1032, '2022-06-28 00:00:00', 1, 1),
(1033, '2024-04-24 00:00:00', 1, 1),
(1034, '2021-05-15 00:00:00', 1, 1),
(1035, '2022-07-21 00:00:00', 1, 1),
(1036, '2022-01-25 00:00:00', 1, 1),
(1037, '2022-08-17 00:00:00', 1, 1),
(1038, '2022-02-18 00:00:00', 1, 1),
(1039, '2024-12-14 00:00:00', 1, 1),
(1040, '2021-01-05 00:00:00', 1, 1),
(1041, '2023-10-28 00:00:00', 1, 1),
(1042, '2024-11-19 00:00:00', 1, 1),
(1043, '2022-09-15 00:00:00', 1, 1),
(1044, '2024-06-11 00:00:00', 1, 1),
(1045, '2024-06-16 00:00:00', 1, 1),
(1046, '2021-07-07 00:00:00', 1, 1),
(1047, '2023-05-03 00:00:00', 1, 1),
(1048, '2024-06-22 00:00:00', 1, 1),
(1049, '2024-01-13 00:00:00', 1, 1),
(1050, '2022-10-09 00:00:00', 1, 1),
(1051, '2021-08-05 00:00:00', 1, 1),
(1052, '2021-09-24 00:00:00', 1, 1),
(1053, '2024-06-20 00:00:00', 1, 1),
(1054, '2024-08-10 00:00:00', 1, 1),
(1055, '2023-05-06 00:00:00', 1, 1),
(1056, '2023-06-25 00:00:00', 1, 1),
(1057, '2022-04-21 00:00:00', 1, 1),
(1058, '2022-11-13 00:00:00', 1, 1),
(1059, '2024-08-08 00:00:00', 1, 1),
(1060, '2021-09-27 00:00:00', 1, 1),
(1061, '2023-07-23 00:00:00', 1, 1),
(1062, '2024-08-14 00:00:00', 1, 1),
(1063, '2022-05-10 00:00:00', 1, 1),
(1064, '2023-07-28 00:00:00', 1, 1),
(1065, '2021-04-24 00:00:00', 1, 1),
(1066, '2024-09-06 00:00:00', 1, 1),
(1067, '2024-03-11 00:00:00', 1, 1),
(1068, '2021-05-17 00:00:00', 1, 1),
(1069, '2022-06-08 00:00:00', 1, 1),
(1070, '2024-04-04 00:00:00', 1, 1),
(1071, '2021-05-22 00:00:00', 1, 1),
(1072, '2024-03-09 00:00:00', 1, 1),
(1073, '2024-09-10 00:00:00', 1, 1),
(1074, '2023-08-24 00:00:00', 1, 1),
(1075, '2021-11-25 00:00:00', 1, 1),
(1076, '2023-09-20 00:00:00', 1, 1),
(1077, '2022-01-03 00:00:00', 1, 1),
(1078, '2023-03-21 00:00:00', 1, 1),
(1079, '2022-01-08 00:00:00', 1, 1),
(1080, '2024-11-04 00:00:00', 1, 1),
(1081, '2022-08-28 00:00:00', 1, 1),
(1082, '2023-09-19 00:00:00', 1, 1),
(1083, '2021-07-14 00:00:00', 1, 1),
(1084, '2022-08-05 00:00:00', 1, 1),
(1085, '2024-05-01 00:00:00', 1, 1),
(1086, '2021-07-20 00:00:00', 1, 1),
(1087, '2023-04-16 00:00:00', 1, 1),
(1088, '2024-05-06 00:00:00', 1, 1),
(1089, '2023-04-21 00:00:00', 1, 1),
(1090, '2021-01-17 00:00:00', 1, 1),
(1091, '2024-06-27 00:00:00', 1, 1),
(1092, '2024-12-03 00:00:00', 1, 1),
(1093, '2024-06-10 00:00:00', 1, 1),
(1094, '2022-03-06 00:00:00', 1, 1),
(1095, '2023-04-24 00:00:00', 1, 1),
(1096, '2022-09-07 00:00:00', 1, 1),
(1097, '2022-10-25 00:00:00', 1, 1),
(1098, '2023-11-16 00:00:00', 1, 1),
(1099, '2022-10-03 00:00:00', 1, 1),
(1100, '2021-09-17 00:00:00', 1, 1),
(1101, '2023-12-14 00:00:00', 1, 1),
(1102, '2022-11-01 00:00:00', 1, 1),
(1103, '2023-12-19 00:00:00', 1, 1),
(1104, '2023-05-20 00:00:00', 1, 1),
(1105, '2022-04-07 00:00:00', 1, 1),
(1106, '2022-05-03 00:00:00', 1, 1),
(1107, '2023-07-09 00:00:00', 1, 1),
(1108, '2022-11-09 00:00:00', 1, 1),
(1109, '2023-02-06 00:00:00', 1, 1),
(1110, '2022-05-06 00:00:00', 1, 1),
(1111, '2021-11-07 00:00:00', 1, 1),
(1112, '2024-09-03 00:00:00', 1, 1),
(1113, '2024-10-22 00:00:00', 1, 1),
(1114, '2023-07-18 00:00:00', 1, 1),
(1115, '2022-07-23 00:00:00', 1, 1),
(1116, '2021-12-11 00:00:00', 1, 1),
(1117, '2021-07-03 00:00:00', 1, 1),
(1118, '2022-08-21 00:00:00', 1, 1),
(1119, '2023-03-13 00:00:00', 1, 1),
(1120, '2021-06-13 00:00:00', 1, 1),
(1121, '2024-11-23 00:00:00', 1, 1),
(1122, '2021-12-14 00:00:00', 1, 1),
(1123, '2021-01-05 00:00:00', 1, 1),
(1124, '2024-11-01 00:00:00', 1, 1),
(1125, '2023-05-02 00:00:00', 1, 1),
(1126, '2023-10-06 00:00:00', 1, 1),
(1127, '2022-03-16 00:00:00', 1, 1),
(1128, '2023-04-07 00:00:00', 1, 1),
(1129, '2024-05-26 00:00:00', 1, 1),
(1130, '2021-07-17 00:00:00', 1, 1),
(1131, '2024-11-27 00:00:00', 1, 1),
(1132, '2024-12-18 00:00:00', 1, 1),
(1133, '2023-10-13 00:00:00', 1, 1),
(1134, '2023-11-04 00:00:00', 1, 1),
(1135, '2024-01-16 00:00:00', 1, 1),
(1136, '2024-07-20 00:00:00', 1, 1),
(1137, '2023-04-16 00:00:00', 1, 1),
(1138, '2024-01-21 00:00:00', 1, 1),
(1139, '2022-10-17 00:00:00', 1, 1),
(1140, '2023-11-07 00:00:00', 1, 1),
(1141, '2024-01-26 00:00:00', 1, 1),
(1142, '2023-05-09 00:00:00', 1, 1),
(1143, '2023-06-27 00:00:00', 1, 1),
(1144, '2022-05-14 00:00:00', 1, 1),
(1145, '2023-06-05 00:00:00', 1, 1),
(1146, '2024-07-23 00:00:00', 1, 1),
(1147, '2023-12-06 00:00:00', 1, 1),
(1148, '2024-01-24 00:00:00', 1, 1),
(1149, '2023-12-11 00:00:00', 1, 1),
(1150, '2022-06-12 00:00:00', 1, 1),
(1151, '2023-07-03 00:00:00', 1, 1),
(1152, '2024-08-21 00:00:00', 1, 1),
(1153, '2022-05-17 00:00:00', 1, 1),
(1154, '2023-07-08 00:00:00', 1, 1),
(1155, '2021-04-04 00:00:00', 1, 1),
(1156, '2022-05-23 00:00:00', 1, 1),
(1157, '2021-04-09 00:00:00', 1, 1),
(1158, '2022-06-15 00:00:00', 1, 1),
(1159, '2021-05-02 00:00:00', 1, 1),
(1160, '2022-07-11 00:00:00', 1, 1),
(1161, '2022-01-12 00:00:00', 1, 1),
(1162, '2024-10-08 00:00:00', 1, 1),
(1163, '2024-04-12 00:00:00', 1, 1),
(1164, '2023-09-23 00:00:00', 1, 1),
(1165, '2022-12-23 00:00:00', 1, 1),
(1166, '2024-10-19 00:00:00', 1, 1),
(1167, '2024-04-20 00:00:00', 1, 1),
(1168, '2021-06-01 00:00:00', 1, 1),
(1169, '2021-12-02 00:00:00', 1, 1),
(1170, '2021-07-22 00:00:00', 1, 1),
(1171, '2023-09-03 00:00:00', 1, 1),
(1172, '2022-03-04 00:00:00', 1, 1),
(1173, '2022-09-09 00:00:00', 1, 1),
(1174, '2022-03-10 00:00:00', 1, 1),
(1175, '2024-12-06 00:00:00', 1, 1),
(1176, '2022-03-15 00:00:00', 1, 1),
(1177, '2022-08-16 00:00:00', 1, 1),
(1178, '2022-09-07 00:00:00', 1, 1),
(1179, '2021-07-03 00:00:00', 1, 1),
(1180, '2023-04-27 00:00:00', 1, 1),
(1181, '2021-02-22 00:00:00', 1, 1),
(1182, '2022-03-13 00:00:00', 1, 1),
(1183, '2023-05-23 00:00:00', 1, 1),
(1184, '2021-09-19 00:00:00', 1, 1),
(1185, '2022-10-10 00:00:00', 1, 1),
(1186, '2023-11-01 00:00:00', 1, 1),
(1187, '2022-04-11 00:00:00', 1, 1),
(1188, '2022-05-02 00:00:00', 1, 1),
(1189, '2023-12-22 00:00:00', 1, 1),
(1190, '2024-02-03 00:00:00', 1, 1),
(1191, '2021-03-22 00:00:00', 1, 1),
(1192, '2024-08-04 00:00:00', 1, 1),
(1193, '2021-09-23 00:00:00', 1, 1),
(1194, '2022-10-14 00:00:00', 1, 1),
(1195, '2022-11-04 00:00:00', 1, 1),
(1196, '2021-09-28 00:00:00', 1, 1),
(1197, '2021-10-19 00:00:00', 1, 1),
(1198, '2024-03-01 00:00:00', 1, 1),
(1199, '2023-06-01 00:00:00', 1, 1),
(1200, '2022-12-02 00:00:00', 1, 1),
(1201, '2023-01-21 00:00:00', 1, 1),
(1202, '2024-02-12 00:00:00', 1, 1),
(1203, '2023-07-22 00:00:00', 1, 1),
(1204, '2024-09-04 00:00:00', 1, 1),
(1205, '2021-10-22 00:00:00', 1, 1),
(1206, '2024-03-05 00:00:00', 1, 1),
(1207, '2021-04-23 00:00:00', 1, 1),
(1208, '2021-05-14 00:00:00', 1, 1),
(1209, '2023-02-24 00:00:00', 1, 1),
(1210, '2023-03-15 00:00:00', 1, 1),
(1211, '2022-07-25 00:00:00', 1, 1),
(1212, '2023-09-16 00:00:00', 1, 1),
(1213, '2024-03-08 00:00:00', 1, 1),
(1214, '2021-06-17 00:00:00', 1, 1),
(1215, '2022-07-08 00:00:00', 1, 1),
(1216, '2021-12-18 00:00:00', 1, 1),
(1217, '2022-01-09 00:00:00', 1, 1),
(1218, '2022-02-28 00:00:00', 1, 1),
(1219, '2023-03-19 00:00:00', 1, 1),
(1220, '2021-11-08 09:18:46', 1, 55),
(1221, '2021-11-08 09:19:50', 1, 46),
(1222, '2021-11-08 09:20:30', 1, 46),
(1223, '2021-11-08 09:20:34', 1, 46),
(1224, '2021-11-08 09:20:37', 1, 46),
(1225, '2021-11-08 12:34:25', 1, 54),
(1226, '2021-11-08 12:35:21', 1, 3),
(1227, '2021-11-08 12:35:42', 1, 1),
(1228, '2021-11-08 17:32:12', 1, 1),
(1229, '2021-11-11 12:41:35', 1, 55),
(1230, '2021-11-11 12:45:05', 1, 1),
(1231, '2021-11-11 18:52:31', 1, 55),
(1232, '2021-11-13 19:27:30', 1, 53),
(1233, '2021-11-13 19:30:28', 1, 55),
(1234, '2021-11-13 19:32:24', 1, 54),
(1235, '2021-11-13 19:45:01', 1, 55),
(1236, '2021-11-13 20:03:30', 1, 55),
(1237, '2021-11-13 20:04:29', 1, 55),
(1238, '2021-11-13 20:17:11', 1, 54),
(1239, '2021-11-13 20:18:35', 1, 54),
(1240, '2021-11-13 21:42:48', 1, 55),
(1241, '2021-11-13 21:44:09', 1, 55),
(1242, '2021-11-13 21:53:15', 1, 54),
(1243, '2021-11-13 21:56:03', 1, 55),
(1244, '2021-11-13 21:59:53', 1, 55),
(1245, '2021-11-13 22:01:31', 1, 55),
(1246, '2021-11-13 22:07:49', 1, 55),
(1247, '2021-11-13 22:10:45', 1, 54),
(1248, '2021-11-13 22:13:46', 1, 55),
(1249, '2021-11-13 22:22:32', 1, 55),
(1250, '2021-11-13 22:33:06', 1, 55),
(1251, '2021-11-15 12:41:12', 1, 55),
(1252, '2021-11-15 12:42:54', 1, 55),
(1253, '2021-11-15 12:50:21', 1, 55),
(1254, '2021-11-15 12:52:02', 1, 55),
(1255, '2021-11-15 12:54:48', 1, 55),
(1256, '2021-11-15 12:58:10', 1, 55),
(1257, '2021-11-15 13:00:26', 1, 54),
(1258, '2021-11-15 13:07:19', 1, 55),
(1259, '2021-11-15 13:09:21', 1, 55),
(1260, '2021-11-15 13:17:44', 1, 54),
(1261, '2021-11-15 13:20:38', 1, 54),
(1262, '2021-11-15 13:21:32', 1, 55),
(1263, '2021-11-15 13:23:56', 1, 54),
(1264, '2021-11-15 13:25:55', 1, 55),
(1265, '2021-11-15 13:29:36', 1, 55),
(1266, '2021-11-15 13:32:54', 1, 55),
(1267, '2021-11-15 13:34:33', 1, 55),
(1268, '2021-11-15 13:39:56', 1, 55);

-- --------------------------------------------------------

--
-- Structure de la table `domaine_expertise`
--

CREATE TABLE `domaine_expertise` (
  `reference` tinyint(3) UNSIGNED NOT NULL,
  `intitule` varchar(50) NOT NULL
) ENGINE=InnoDB DEFAULT CHARSET=utf8;

--
-- Déchargement des données de la table `domaine_expertise`
--

INSERT INTO `domaine_expertise` (`reference`, `intitule`) VALUES
(39, 'Accidents'),
(32, 'Boissons'),
(1, 'Consultation travaux'),
(21, 'Couleur et symbôlique '),
(29, 'Critique littéraire '),
(17, 'Culture champignons '),
(26, 'Efficacité des engrais min?raux et organiques'),
(30, 'Enseignement, éducation'),
(43, 'Exportation(s)'),
(42, 'Facture(s)'),
(24, 'Gestion abonnement hôpital '),
(37, 'Gestion des fiches'),
(10, 'Gestion finances hôpital'),
(14, 'Gestion trésorerie'),
(23, 'Gestion voitures poste de p?age'),
(15, 'Impact de la multiplicité des écoles'),
(34, 'Impacts rejets industriels'),
(40, 'Impôts, taxes et quittances'),
(5, 'Inscription scolaire'),
(16, 'Inspection scolaire'),
(22, 'Installation et configuration antenne BTS'),
(36, 'Magazine'),
(11, 'Paiement agent'),
(38, 'Paiement clients'),
(4, 'Paiement factures SNEL'),
(25, 'Parasitoses intestinales '),
(27, 'Publication des ouvrages'),
(18, 'Qualité produits médicinaux tradipraticiens'),
(28, 'Réparation matériaux informatiques'),
(8, 'Réseau social'),
(7, 'Réservation billets'),
(6, 'Réservation locaux'),
(3, 'Réservation salles'),
(31, 'Rites et cérémonies'),
(20, 'Service de relai DHCP'),
(12, 'Statistiques wagons'),
(19, 'Suivi stages'),
(41, 'Suivi validation sujets'),
(33, 'Technologie NAGIOS'),
(35, 'Technologie VOIP'),
(13, 'Téléphonie IP'),
(2, 'Transport'),
(9, 'Vente, super-marché');

--
-- Déclencheurs `domaine_expertise`
--
DELIMITER $$
CREATE TRIGGER `before_insert_domaine_expertise` BEFORE INSERT ON `domaine_expertise` FOR EACH ROW BEGIN
IF CHAR_LENGTH(NEW.intitule) < 2 OR CHAR_LENGTH(NEW.intitule) > 49 THEN 
SIGNAL SQLSTATE '45000' SET MESSAGE_TEXT = 'Erreur : l''intitul? d''un domaine d''experise doit faire plus de 2 caract?res jusqu''? maximum 50 caract?res';
END IF;
END
$$
DELIMITER ;
DELIMITER $$
CREATE TRIGGER `before_update_domaine_expertise` BEFORE UPDATE ON `domaine_expertise` FOR EACH ROW BEGIN
IF CHAR_LENGTH(NEW.intitule) < 2 OR CHAR_LENGTH(NEW.intitule) > 49 THEN 
SIGNAL SQLSTATE '45000' SET MESSAGE_TEXT = 'Erreur : l''intitul? d''un domaine d''experise doit faire plus de 2 caract?res jusqu''? maximum 50 caract?res';
END IF;
END
$$
DELIMITER ;

-- --------------------------------------------------------

--
-- Structure de la table `etudiant`
--

CREATE TABLE `etudiant` (
  `code` varchar(20) NOT NULL,
  `nom` varchar(30) NOT NULL,
  `prenom` varchar(15) DEFAULT NULL,
  `genre` char(1) NOT NULL,
  `code_option` varchar(10) NOT NULL
) ENGINE=InnoDB DEFAULT CHARSET=utf8;

--
-- Déchargement des données de la table `etudiant`
--

INSERT INTO `etudiant` (`code`, `nom`, `prenom`, `genre`, `code_option`) VALUES
('2000/8', 'Kyungu Ilunga', 'Michael', 'M', '668.4'),
('2001/16', 'Mbak Museng', 'Victorinne', 'F', '668.4'),
('2002/16', 'Kayembe Mukoko', 'Laurent', 'M', '668.4'),
('2003/11', 'Safi Marie', 'Deborah', 'F', '668.4'),
('2004/11', 'Songa Upite', 'Darcel', 'M', '668.4'),
('2005/6', 'Kongolo Muyukwa', 'Emmanuel', 'M', '668.4'),
('2006/13', 'Kuhana Kalani ', 'Evelyne', 'F', '668.4'),
('2007/14', 'Kabosha Mpanga', 'Terence', 'F', '668.4'),
('2008/8', 'Bwana Kabange', 'Lomami', 'M', '668.4'),
('2009/16', 'Doux Mutshail', 'Gael', 'M', '668.4'),
('2010/16', 'Kilumba Mayandombe', 'Janvier', 'M', '668.4'),
('2011/11', 'Kalumba Mpunga ', 'Jenovic', 'M', '668.4'),
('2012/11', 'Ngombe Kiboko ', 'Marie', 'F', '668.4'),
('2013/6', 'Nkulu Mulume', 'Gauthier', 'M', '668.4'),
('2014/13', 'Mwenze Kiluba', 'Jean Baptiste', 'M', '668.4'),
('2015/14', 'Mukadi Kabeya', 'Prince', 'M', '668.4'),
('2016/8', 'Kat Natshimbuy', 'Arlette', 'F', '668.4'),
('2017/16', 'Ilunga Beya', 'Egoird', 'M', '668.4'),
('2018/16', 'Ngoy Mutolo', 'Patience', 'F', '668.4'),
('2019/11', 'Mwilambwe Nyemba ', 'Derick', 'M', '668.4'),
('2020/12', 'Muzang Fat', 'Crepin', 'M', '668.4'),
('2021/6', 'Kisimba Fwamba', 'Gracia', 'F', '668.4'),
('2022/13', 'Kabusu Mwididi', 'James', 'M', '668.4'),
('2023/14', 'Mwilambwe Kanga', 'Bango', 'M', '668.4'),
('2024/8', 'Manda Nkomba', 'Jean Fidel', 'M', '668.4'),
('2025/16', 'Mwenge Mwelwa', 'Médard', 'M', '668.4'),
('2026/17', 'Kitenge Kibuye', 'Hilaire', 'M', '668.4'),
('2027/6', 'Citeya Mambu', 'Talaja', 'M', '668.4'),
('2028/14', 'Nduu Nguz', 'Donatien', 'M', '668.4'),
('2029/14', 'Kasonga Banza', 'Savas', 'M', '668.4'),
('2030/9', 'Kabanda Kapya', 'Japhete', 'M', '668.4'),
('2031/16', 'Kanyembo Fwamamba', 'Steve', 'M', '668.4'),
('2032/17', 'Kazadi Ilunga Mutunda', 'Mireille', 'F', '668.4'),
('2033/11', 'Kafinga Kyabulanda', NULL, 'M', '668.4'),
('2034/6', 'Kazadi Wa Kazadi', NULL, 'M', '668.4'),
('2035/6', 'Yanda Kashala', 'Sharon', 'F', '668.4'),
('2036/14', 'Mumba Kibangwe', NULL, 'M', '668.4'),
('2037/14', 'Asambi Tambwe', NULL, 'M', '668.4'),
('2038/9', 'Nyembo Mahuwa', 'Christine', 'F', '668.4'),
('2039/16', 'Asina Mabingo', 'Tantine', 'F', '668.4'),
('2040/17', 'Elonga Lola', 'Caleb', 'M', '668.4'),
('2041/11', 'Kabongo Biaya', 'Josué', 'M', '668.4'),
('2042/6', 'Nyembo Kapungu ', 'Nana', 'F', '668.4'),
('2043/6', 'Banza Ngondo', 'Truman', 'M', '668.4'),
('2044/14', 'Funga Funga', 'Sarah', 'F', '668.4'),
('2045/14', 'Tubonge Shabani', 'Arlène', 'M', '668.4'),
('2046/9', 'Katonde Muyombo', 'Emmanuel', 'M', '668.4'),
('2047/12', 'Ngongo Usumba', 'Ernest', 'M', '668.4'),
('2048/17', 'Bolavie Muyet', 'Alain', 'M', '668.4'),
('2049/7', 'Kamin Kangaj', 'Marguerite', 'F', '668.4'),
('2050/14', 'Soriano Chapwe', 'Patrick', 'M', '668.4'),
('2051/9', 'Kalumba Mpunga', 'Jenovic', 'M', '668.4'),
('2052/9', 'Manganga Say', 'Pamela', 'F', '668.4'),
('2053/17', 'Manganga Peleleza', 'Mamy', 'F', '668.4'),
('2054/17', 'Furaha Batshilemba', 'Nsimyre', 'F', '668.4'),
('2055/12', 'Kibanza Katshimuena', 'Hissen', 'M', '668.4');

--
-- Déclencheurs `etudiant`
--
DELIMITER $$
CREATE TRIGGER `before_insert_etudiant` BEFORE INSERT ON `etudiant` FOR EACH ROW BEGIN 
IF NEW.genre != 'M' AND NEW.genre != 'F' THEN 
SIGNAL SQLSTATE '45000' SET MESSAGE_TEXT = 'Erreur : le genre de l''?tudiant doit valoir "M" ou "F"';
ELSEIF CHAR_LENGTH(NEW.code) < 2 OR CHAR_LENGTH(NEW.code) > 19 THEN
SIGNAL SQLSTATE '45000' SET MESSAGE_TEXT = 'Erreur : le matricule de l''?tudiant doit avoir de 2 ? 19 caract?res';
ELSEIF CHAR_LENGTH(NEW.nom) < 2 OR CHAR_LENGTH(NEW.nom) > 29 THEN
SIGNAL SQLSTATE '45000' SET MESSAGE_TEXT = 'Erreur : le nom de l''?tudiant doit avoir de 2 ? 29 caract?res';
ELSEIF NEW.prenom IS NOT NULL AND (CHAR_LENGTH(NEW.prenom) < 2 OR CHAR_LENGTH(NEW.prenom) > 14) THEN
SIGNAL SQLSTATE '45000' SET MESSAGE_TEXT = 'Erreur : le pr?nom de l''?tudiant doit avoir de 2 ? 14 caract?res';
END IF;
END
$$
DELIMITER ;
DELIMITER $$
CREATE TRIGGER `before_update_etudiant` BEFORE UPDATE ON `etudiant` FOR EACH ROW BEGIN 
IF NEW.genre != 'M' AND NEW.genre != 'F' THEN 
SIGNAL SQLSTATE '45000' SET MESSAGE_TEXT = 'Erreur : le genre de l''?tudiant doit valoir "M" ou "F"';
ELSEIF CHAR_LENGTH(NEW.code) < 2 OR CHAR_LENGTH(NEW.code) > 19 THEN
SIGNAL SQLSTATE '45000' SET MESSAGE_TEXT = 'Erreur : le matricule de l''?tudiant doit avoir de 2 ? 19 caract?res';
ELSEIF CHAR_LENGTH(NEW.nom) < 2 OR CHAR_LENGTH(NEW.nom) > 29 THEN
SIGNAL SQLSTATE '45000' SET MESSAGE_TEXT = 'Erreur : le nom de l''?tudiant doit avoir de 2 ? 29 caract?res';
ELSEIF NEW.prenom IS NOT NULL AND (CHAR_LENGTH(NEW.prenom) < 2 OR CHAR_LENGTH(NEW.prenom) > 14) THEN
SIGNAL SQLSTATE '45000' SET MESSAGE_TEXT = 'Erreur : le pr?nom de l''?tudiant doit avoir de 2 ? 14 caract?res';
END IF;
END
$$
DELIMITER ;

-- --------------------------------------------------------

--
-- Structure de la table `lecteur`
--

CREATE TABLE `lecteur` (
  `identifiant` bigint(20) UNSIGNED NOT NULL,
  `nom` varchar(30) NOT NULL,
  `prenom` varchar(15) NOT NULL,
  `genre` char(1) NOT NULL,
  `pseudonyme` varchar(25) NOT NULL,
  `email` varchar(50) NOT NULL,
  `mot_de_passe` varchar(100) NOT NULL,
  `date_creation_cpte` datetime NOT NULL
) ENGINE=InnoDB DEFAULT CHARSET=utf8;

--
-- Déchargement des données de la table `lecteur`
--

INSERT INTO `lecteur` (`identifiant`, `nom`, `prenom`, `genre`, `pseudonyme`, `email`, `mot_de_passe`, `date_creation_cpte`) VALUES
(1, 'Kyungu Ilunga', 'Michael', 'M', 'Kingm@n15', 'michaelkyunguilunga15@gmail.com', '2A4351E9F13C098D284EBCBA5DDA7C636814EBF469781E4AE99533465BCC79E7', '2022-01-03 06:04:08');

--
-- Déclencheurs `lecteur`
--
DELIMITER $$
CREATE TRIGGER `before_insert_lecteur` BEFORE INSERT ON `lecteur` FOR EACH ROW BEGIN 
IF NEW.genre != 'M' AND NEW.genre != 'F' THEN 
SIGNAL SQLSTATE '45000' SET MESSAGE_TEXT = 'Erreur : le genre du lecteur doit valoir "M" ou "F"';
ELSEIF CHAR_LENGTH(NEW.nom) < 2 OR CHAR_LENGTH(NEW.nom) > 29 THEN
SIGNAL SQLSTATE '45000' SET MESSAGE_TEXT = 'Erreur : le nom du lecteur doit avoir de 2 ? 29 caract?res';
ELSEIF CHAR_LENGTH(NEW.prenom) < 2 OR CHAR_LENGTH(NEW.prenom) > 14 THEN
SIGNAL SQLSTATE '45000' SET MESSAGE_TEXT = 'Erreur : le pr?nom du lecteur doit avoir de 2 ? 14 caract?res';
ELSEIF CHAR_LENGTH(NEW.pseudonyme) < 2 OR CHAR_LENGTH(NEW.pseudonyme) > 14 THEN
SIGNAL SQLSTATE '45000' SET MESSAGE_TEXT = 'Erreur : le pseudonyme du lecteur doit avoir de 2 ? 14 caract?res';
ELSEIF CHAR_LENGTH(NEW.email) < 2 OR CHAR_LENGTH(NEW.email) > 49 THEN
SIGNAL SQLSTATE '45000' SET MESSAGE_TEXT = 'Erreur : l''adresse e-mail du lecteur doit avoir de 2 ? 49 caract?res';
ELSEIF NEW.email NOT REGEXP '^[a-zA-Z0-9][a-zA-Z0-9._-]*[a-zA-Z0-9._-]@[a-zA-Z0-9][a-zA-Z0-9._-]*[a-zA-Z0-9]\.[a-zA-Z]{2,49}$' THEN 
SIGNAL SQLSTATE '45000' SET MESSAGE_TEXT = 'Erreur : l''adresse e-mail n''est pas correcte';
ELSEIF CHAR_LENGTH(NEW.mot_de_passe) < 4 THEN
SIGNAL SQLSTATE '45000' SET MESSAGE_TEXT = 'Erreur : le mot de passe du lecteur doit avoir au minimum 4 caract?res';
END IF;
END
$$
DELIMITER ;
DELIMITER $$
CREATE TRIGGER `before_update_lecteur` BEFORE UPDATE ON `lecteur` FOR EACH ROW BEGIN 
IF NEW.genre != 'M' AND NEW.genre != 'F' THEN 
SIGNAL SQLSTATE '45000' SET MESSAGE_TEXT = 'Erreur : le genre du lecteur doit valoir "M" ou "F"';
ELSEIF CHAR_LENGTH(NEW.nom) < 2 OR CHAR_LENGTH(NEW.nom) > 29 THEN
SIGNAL SQLSTATE '45000' SET MESSAGE_TEXT = 'Erreur : le nom du lecteur doit avoir de 2 ? 29 caract?res';
ELSEIF CHAR_LENGTH(NEW.prenom) < 2 OR CHAR_LENGTH(NEW.prenom) > 14 THEN
SIGNAL SQLSTATE '45000' SET MESSAGE_TEXT = 'Erreur : le pr?nom du lecteur doit avoir de 2 ? 14 caract?res';
ELSEIF CHAR_LENGTH(NEW.pseudonyme) < 2 OR CHAR_LENGTH(NEW.pseudonyme) > 14 THEN
SIGNAL SQLSTATE '45000' SET MESSAGE_TEXT = 'Erreur : le pseudonyme du lecteur doit avoir de 2 ? 14 caract?res';
ELSEIF CHAR_LENGTH(NEW.email) < 2 OR CHAR_LENGTH(NEW.email) > 49 THEN
SIGNAL SQLSTATE '45000' SET MESSAGE_TEXT = 'Erreur : l''adresse e-mail du lecteur doit avoir de 2 ? 49 caract?res';
ELSEIF NEW.email NOT REGEXP '^[a-zA-Z0-9][a-zA-Z0-9._-]*[a-zA-Z0-9._-]@[a-zA-Z0-9][a-zA-Z0-9._-]*[a-zA-Z0-9]\.[a-zA-Z]{2,49}$' THEN 
SIGNAL SQLSTATE '45000' SET MESSAGE_TEXT = 'Erreur : l''adresse e-mail n''est pas correcte';
ELSEIF CHAR_LENGTH(NEW.mot_de_passe) < 4 THEN
SIGNAL SQLSTATE '45000' SET MESSAGE_TEXT = 'Erreur : le mot de passe du lecteur doit avoir au minimum 4 caract?res';
END IF;
END
$$
DELIMITER ;

-- --------------------------------------------------------

--
-- Structure de la table `mots_ignores_recherche`
--

CREATE TABLE `mots_ignores_recherche` (
  `value` varchar(30) NOT NULL
) ENGINE=InnoDB DEFAULT CHARSET=utf8;

--
-- Déchargement des données de la table `mots_ignores_recherche`
--

INSERT INTO `mots_ignores_recherche` (`value`) VALUES
('application'),
('au'),
('avant'),
('chez'),
('conception'),
('critique'),
('dans'),
('de'),
('en'),
('et'),
('etude'),
('gestion'),
('histoire'),
('implementation'),
('informatis?'),
('la'),
('les'),
('mise'),
('place'),
('plateforme'),
('point'),
('projet'),
('realisation'),
('site'),
('suivi'),
('sur'),
('systeme'),
('une'),
('web');

-- --------------------------------------------------------

--
-- Structure de la table `option`
--

CREATE TABLE `option` (
  `code` varchar(10) NOT NULL,
  `nom` varchar(100) NOT NULL,
  `abrege` varchar(15) NOT NULL
) ENGINE=InnoDB DEFAULT CHARSET=utf8;

--
-- Déchargement des données de la table `option`
--

INSERT INTO `option` (`code`, `nom`, `abrege`) VALUES
('330', 'Sciences commerciales et administratives', 'SCAD'),
('371.2', 'Gestion et administration des institutions scolaires', 'GAISF'),
('372.86', 'Education physique et gestion sportive', 'EPGS'),
('420', 'Anglais et culture africaine', 'ACA'),
('440.10', 'Français latin', 'FLAT'),
('440.5', 'Français linguistique africaine ', 'FLA'),
('510', 'Mathématique physique ', 'MP'),
('515', 'Mathématique informatique', 'MATH INFO'),
('530', 'Physique ', 'PHYS'),
('541', 'Chimie - physique', 'CP'),
('574', 'Biologie - chimie ', 'BC'),
('620', 'Réseaux et télécommunications', 'RT'),
('630', 'Sciences agrovétérinaires', 'SAVET'),
('647.9', 'Hôtellerie', 'HOT'),
('668.4', 'Informatique de gestion', 'IG'),
('745.4', 'Design et multimédia', 'DZN'),
('796.7', 'Tourisme', 'TOUR'),
('910', 'Géographie et gestion de l\'environnement', 'GGE'),
('960', 'Histoire', 'HIST');

--
-- Déclencheurs `option`
--
DELIMITER $$
CREATE TRIGGER `before_insert_option` BEFORE INSERT ON `option` FOR EACH ROW BEGIN
IF CHAR_LENGTH(NEW.code) < 2 OR CHAR_LENGTH(NEW.code) > 9 THEN 
SIGNAL SQLSTATE '45000' SET MESSAGE_TEXT = 'Erreur : le code d''une option d''?tude doit avoir entre 2 et 9 caract?res';
ELSEIF CHAR_LENGTH(NEW.nom) < 2 OR CHAR_LENGTH(NEW.nom) > 99 THEN 
SIGNAL SQLSTATE '45000' SET MESSAGE_TEXT = 'Erreur : le nom d''une option d''?tude doit avoir entre 2 et 99 caract?res';
ELSEIF CHAR_LENGTH(NEW.abrege) < 2 OR CHAR_LENGTH(NEW.abrege) > 24 THEN 
SIGNAL SQLSTATE '45000' SET MESSAGE_TEXT = 'Erreur : l''abr?g? d''une option d''?tude doit avoir entre 2 et 14 caract?res';
END IF;
END
$$
DELIMITER ;
DELIMITER $$
CREATE TRIGGER `before_update_option` BEFORE UPDATE ON `option` FOR EACH ROW BEGIN
IF CHAR_LENGTH(NEW.code) < 2 OR CHAR_LENGTH(NEW.code) > 9 THEN 
SIGNAL SQLSTATE '45000' SET MESSAGE_TEXT = 'Erreur : le code d''une option d''?tude doit avoir entre 2 et 9 caract?res';
ELSEIF CHAR_LENGTH(NEW.nom) < 2 OR CHAR_LENGTH(NEW.nom) > 24 THEN 
SIGNAL SQLSTATE '45000' SET MESSAGE_TEXT = 'Erreur : le nom d''une option d''?tude doit avoir entre 2 et 99 caract?res';
ELSEIF CHAR_LENGTH(NEW.abrege) < 2 OR CHAR_LENGTH(NEW.abrege) > 24 THEN 
SIGNAL SQLSTATE '45000' SET MESSAGE_TEXT = 'Erreur : l''abr?g? d''une option d''?tude doit avoir entre 2 et 14 caract?res';
END IF;
END
$$
DELIMITER ;

-- --------------------------------------------------------

--
-- Structure de la table `travail`
--

CREATE TABLE `travail` (
  `matricule` int(10) UNSIGNED NOT NULL,
  `sujet` varchar(255) NOT NULL,
  `cas_etude` varchar(100) DEFAULT NULL,
  `categorie` char(3) NOT NULL,
  `annee_academique` year(4) NOT NULL,
  `code_classification` varchar(30) DEFAULT NULL,
  `nbre_pages` tinyint(3) UNSIGNED DEFAULT NULL,
  `code_etudiant` varchar(20) NOT NULL,
  `ref_dom_exp` tinyint(3) UNSIGNED NOT NULL
) ENGINE=InnoDB DEFAULT CHARSET=utf8;

--
-- Déchargement des données de la table `travail`
--

INSERT INTO `travail` (`matricule`, `sujet`, `cas_etude`, `categorie`, `annee_academique`, `code_classification`, `nbre_pages`, `code_etudiant`, `ref_dom_exp`) VALUES
(1, 'Mise au point d\'une plateforme web de consultation des TFC & mémoires dans une bibliothèque universitaire', 'Bibliothèque centrale de l\'ISP/L\'SHI', 'TFC', 2021, '668.4/1 KYU TFC 2021', NULL, '2000/8', 1),
(2, 'Mise en place d\'une application de gestion de trafic routier dans un service de transport', 'Transkat', 'TFC', 2019, '668.4/1 KAL TFC 2019', NULL, '2011/11', 2),
(3, 'Suivi informatisé de la gestion de réservation des salles de cours dans une institution d\'enseignement supérieur', 'Apparitorat central de l\'ISP/L\'SHI', 'TFC', 2019, '668.4/1 KAB TFC 2019', NULL, '2022/13', 3),
(4, 'Suivi informatisé de paiement des factures des abonnés dans une agence', 'CVS Katuba', 'TFC', 2019, '668.4/1 KAF TFC 2019', NULL, '2033/11', 4),
(5, 'Mise au point d\'une application de gestion des inscriptions dans une institution scolaire', 'CS Flora', 'TFC', 2020, '668.4/1 FUN TFC 2020', NULL, '2044/14', 5),
(6, 'Mise en place d\'un catalogue virtuel de réservation des locaux', 'Bâtiment Hypnose', 'TFE', 2020, '668.4/1 MAN TFE 2020', NULL, '2052/9', 6),
(7, 'Gestion informatisée de réservation de salles de fêtes dans un établissement', 'Collège IMARA', 'TFC', 2020, '668.4/1 MAN TFC 2020', NULL, '2053/17', 3),
(8, 'Conception d\'une application mobile de réservation de billet dans une agence de transport', 'MULYKAP', 'TFE', 2020, '668.4/1 FUR TFE 2020', NULL, '2054/17', 7),
(9, 'Conception et réalisation d\'un forum de discussion en ligne dans une institution scolaire', 'Collège la Référence', 'TFE', 2020, '668.4/1 KIB TFE 2020', NULL, '2055/12', 8),
(10, 'Conception d\'un site web de gestion de vente des articles dans un super-marché', 'GENESIS Market', 'TFE', 2020, '668.4/1 MBA TFE 2020', NULL, '2001/16', 9),
(11, 'Mise en place d\'une application de gestion des activités financières dans un centre hospitalier', 'Centre hospitalier JARDIN d\'EDEN', 'TFC', 2020, '668.4/1 KAY TFC 2020', NULL, '2002/16', 10),
(12, 'Mise en place d\'une application de gestion de paiement des agents dans une entreprise', 'SNCC', 'TFC', 2020, '668.4/1 SAF TFC 2020', NULL, '2003/11', 11),
(13, 'Suivi informatisé de gestion des statistiques des wagons sur le trafic ferroviaire', 'SNCC/L\'SHI', 'TFC', 2019, '668.4/1 SON TFC 2019', NULL, '2004/11', 12),
(14, 'Etude et mise en place de la téléphonie sur le IP avec la solution CISCO', 'RTNC Haut-Katanga', 'TFC', 2019, '620/1 KON TFC 2019', NULL, '2005/6', 13),
(15, 'Gestion de la trésorerie et son impact sur la solvabilité d\'une entité étatique', 'Gécamines (de 2014 à 2017)', 'TFC', 2019, '330/1 KUH TFC 2019', NULL, '2006/13', 14),
(16, 'Multiplicité des écoles privées et son impact sur la formation des élèves', 'Ecoles privées secondaires du quartier Gambela 2', 'TFC', 2020, '371.2/1 KAB TFC 2020', NULL, '2007/14', 15),
(17, 'Attitude des enseignants du secondaire vis-à-vis de l\'inspecteur scolaire quant aux visites pédagogiques', 'Ecoles privées agréées de la commune Kampemba', 'TFC', 2020, '371.2/1 BWA TFC 2020', NULL, '2008/8', 16),
(18, 'Essai de culture des champignons comestibles dans la ville de Lubumbashi', NULL, 'TFC', 2017, '574/1 DOU TFC 2017', NULL, '2009/16', 17),
(19, 'Enquête sur la qualité des produits médicinaux à base des plantes utilisées par les tradipraticiens dans la ville de Lubumbashi', NULL, 'TFE', 2017, '574/1 KIL TFE 2017', NULL, '2010/16', 18),
(20, 'Mise en place d\'une application web de suivi de stage dans une institution d\'études supérieures', 'Institut supérieur pédagogique de Lubumbashi', 'TFE', 2020, '668.4/1 NGO TFE 2020', NULL, '2012/11', 19),
(21, 'Etude et mise en place d\'un service de relai DHCP pour assurer la haute disponibilité du réseau des sites distants', 'Société nationale de chemin de fer du Congo (SNCC)', 'TFC', 2020, '620/1 NKU TFC 2020', NULL, '2013/6', 20),
(22, 'Conception d\'un didactiel sur la couleur et sa symbolique', 'Designer graphiste ', 'TFC', 2019, '745.4/1 MWE TFC 2019', NULL, '2014/13', 21),
(23, 'Etude sur l\'installation et la configuration d\'une antenne BTS dans une cellule de la ville de Lubumbashi', 'Africell ', 'TFC', 2020, '620/1 MUK TFC 2020', NULL, '2015/14', 22),
(24, 'Mise en place d\'une application informatique de gestion des véhicules dans un poste de péage', 'DPGP/HK', 'TFC', 2020, '668.4/1 KAT TFC 2020', NULL, '2016/8', 23),
(25, 'Conception d\'une application web de gestion d\'abonnement dans une institution hospitalière', 'Hôpital Martin Luther King ', 'TFE', 2019, '668.4/1 ILU TFE 2019', NULL, '2017/16', 24),
(26, 'Etude épidémiologique des parasitoses intestinales dans quelques hôpitaux de la ville de Lubumbashi', 'Commune de la Rwashi  ', 'TFC', 2017, '574/1 NGO TFC 2017', NULL, '2018/16', 25),
(27, 'Etude de l\'efficacité des engrais minéraux et organiques appliqués au Chou de Chine (Brassica Chinensis)', NULL, 'TFC', 2017, '630/1 MWI TFC 2017', NULL, '2019/11', 26),
(28, 'Conception d\'une application web de publication des ouvrages', 'Maison d\'édition Saint Paul', 'TFC', 2015, '668.4/24 MUZ TFC 2015', NULL, '2020/12', 27),
(29, 'Gestion informatisée d\'une application générique pour la réparation du matériel informatique', 'Gécamines ', 'TFC', 2016, '668.4/1 KIS TFC 2016', NULL, '2021/6', 28),
(30, 'Les nouvelles écritures africaines dans \"mémoires de porc-épic\" d\'Alain MABANCKOU', NULL, 'TFE', 2016, '440.5/1 MWI TFE 2016', NULL, '2023/14', 29),
(31, 'Les nouvelles écritures africaines dans \"verre cassé\" d\'Alain Mambanckou', NULL, 'TFE', 2016, '440.5/1 MAN TFE 2016', NULL, '2024/8', 29),
(32, '\"La vie et demie\" de Sony Labou Tansi et \"La mort faite homme\" de Pius Ngandu Nkashama : Deux récits, deux univers, une même conception ?', NULL, 'TFE', 2016, '440.5/1 MWE TFE 2016', NULL, '2025/16', 29),
(33, 'La monographie historique de la paroisse Saint Gerard de Kapolowe - Mission (1974 - 1999)', NULL, 'TFC', 2000, NULL, NULL, '2026/17', 29),
(34, 'Quelques obstacles dans la compréhension de la distinction entre un phénomène physique et un phénomène chimique par les élèves de troisième année secondaire en République Démocratique du Congo', NULL, 'TFE', 2010, '541/7 CIT TFE 2010', NULL, '2027/6', 30),
(35, 'Les rites et cérémonies funéraires des Amatab chez Aruund (1930 - 1960)', NULL, 'TFE', 2016, '960/1 NDU TFE 2016', NULL, '2028/14', 31),
(36, 'Contribution à l\'application de quelques conservants aux vins obtenus des fruits tropicaux', 'Musa balbisiana et Afromomum melegueta', 'TFC', 2010, NULL, NULL, '2029/14', 32),
(37, 'Etude et implémentation de la téléphonie IP dans un réseau informatique', 'Institut supérieur pédagogique de Lubumbashi (ISP)', 'TFC', 2019, '620/1 KAB TFC 2019', NULL, '2030/9', 13),
(38, 'Difficulties faced by congolese fourth form learners in the use of english prepositions and trouble shootings : a linguistics analysis', NULL, 'TFC', 2010, '420/14 STE TFC 2010', NULL, '2031/16', 30),
(39, 'Advantages and disadvantages of african women education', 'Likasi town', 'TFC', 2010, '420/15 KAZ TFC 2010', NULL, '2032/17', 30),
(40, 'Teaching english in technical medical schools with reference to ITM Likasi', NULL, 'TFC', 2010, '42O/16 KAZ TFC 2010', NULL, '2034/6', 30),
(41, 'Etude et mise en place d\'une solution de supervision à l\'aide de Nagios', 'Gécamines', 'TFC', 2019, '620/1 YAN TFC 2019', NULL, '2035/6', 33),
(42, 'Contribution à l\'étude de l\'impact des eaux de rejets industriels sur la composition minérale d\'une espèce végétale', 'Flagmites communis', 'TFC', 2010, NULL, NULL, '2036/14', 34),
(43, 'Sexuality and african youth\'s depravity in Alan Patron\'s Cry, the Beloved country and OKOT P\'BITEK\'s \"song of Lawino and Song of O\'Col\"', NULL, 'TFC', 2010, '420/1 ASA TFC 2010', NULL, '2037/14', 29),
(44, 'Avant-projet d\'une mise en place de la VOIP dans une entreprise avec la solution Cisco Call Manager Express', 'FEC / Haut - Katanga', 'TFC', 2020, '620/1 NYE TFC 2020', NULL, '2038/9', 35),
(45, 'Better activities for teaching articles in second form at secondary school', NULL, 'TFC', 2016, '420/1 ASI TFC 2016', NULL, '2039/16', 30),
(46, 'Conception et réalisation d\'un site web dynamique pour magazine en ligne', 'Jeune Afrique', 'TFC', 2019, '745.4/1 ELO TFC 2019', NULL, '2040/17', 36),
(47, 'Gestion des fiches des stagiaires dans une entreprise', 'Gécamines ', 'TFC', 2017, '668.4/1 KAB TFC 2017', NULL, '2041/11', 37),
(48, 'Mise en point d\'un système automatique de gestion des fiches d\'identification des élèves au Sernie', 'Antenne Sernie de Lubumbashi', 'TFC', 2016, '668.4/1 NYE TFC 2016', NULL, '2042/6', 37),
(49, 'Création d\'une application partagée de gestion des dossiers de paiement des clients', 'Agence en douane Akanda S.A.R.L.', 'TFE', 2020, '668.4/1 BAN TFE 2020', NULL, '2043/6', 38),
(50, 'Conception et réalisation d\'une application web de vente des livres', 'Librairie Mediaspaul', 'TFC', 2017, '668.4/1 TUB TFC 2017', NULL, '2045/14', 9),
(51, 'Mise en place d\'une base de données de gestion des accidents de circulation de véhicules à la Police de Circulation Routière Division/Base', NULL, 'TFC', 2017, '668.4/1 KAT TFC 2017', NULL, '2046/9', 39),
(52, 'Suivi informatisé de la perception de l\'impôt foncier à la direction des recettes du Katanga', NULL, 'TFC', 2011, '668.4/47 NGO TFC 2011', NULL, '2047/12', 40),
(53, 'Mise en place d\'une application web de suivi de validation des sujets de mémoire et TFC en informatique de gestion dans un institut supérieur', 'Institut Supérieur pédagogique ', 'TFE', 2020, '668.4/1 BOL TFE 2020', NULL, '2048/17', 41),
(54, 'Analyse et conception d\'un système de facturation dans une entreprise commerciale', 'MEGASTORE', 'TFC', 2019, '668.4/1 KAM TFC 2019', NULL, '2049/7', 42),
(55, 'Suivi informatisé des informations prélevées sur les marchandises à l\'exportation', 'OCC / Katanga', 'TFC', 2017, '668.4/1 SOR TFC 2017', NULL, '2050/14', 43),
(56, 'Gestion informatisée de gestion des parkings', 'Parking hypnose', 'TFE', 2023, NULL, 8, '2000/8', 39);

--
-- Déclencheurs `travail`
--
DELIMITER $$
CREATE TRIGGER `before_insert_travail` BEFORE INSERT ON `travail` FOR EACH ROW BEGIN
IF CHAR_LENGTH(NEW.sujet) < 10 OR CHAR_LENGTH(NEW.sujet) > 244 THEN
SIGNAL SQLSTATE '45000' SET MESSAGE_TEXT = 'Erreur : le sujet d''un travail doit entre 10 et 244 caract?res';
ELSEIF (NEW.cas_etude IS NOT NULL) && (CHAR_LENGTH(NEW.cas_etude) < 2 OR CHAR_LENGTH(NEW.cas_etude) > 99) THEN
SIGNAL SQLSTATE '45000' SET MESSAGE_TEXT = 'Erreur : le cas d''?tude d''un travail doit avoir un nombre de caract?res compris entre 2 et 99';
ELSEIF (NEW.code_classification IS NOT NULL) && (CHAR_LENGTH(NEW.code_classification) < 14 OR CHAR_LENGTH(NEW.code_classification) > 29) THEN
SIGNAL SQLSTATE '45000' SET MESSAGE_TEXT = 'Erreur : le code de classification d''un travail doit avoir un nombre de caract?res compris entre 14 et 29';
ELSEIF NEW.categorie != 'TFC' AND NEW.categorie != 'TFE' THEN 
SIGNAL SQLSTATE '45000' SET MESSAGE_TEXT = 'Erreur : la cat?gorie du travail doit valoir "TFC" ou "TFE"';
ELSEIF NEW.annee_academique < 1960 THEN
SIGNAL SQLSTATE '45000' SET MESSAGE_TEXT = 'Erreur : l''ann?e acad?mique du travail doit ?tre sup?rieur ? 1960';
END IF;
END
$$
DELIMITER ;
DELIMITER $$
CREATE TRIGGER `before_update_travail` BEFORE UPDATE ON `travail` FOR EACH ROW BEGIN
IF CHAR_LENGTH(NEW.sujet) < 10 OR CHAR_LENGTH(NEW.sujet) > 244 THEN
SIGNAL SQLSTATE '45000' SET MESSAGE_TEXT = 'Erreur : le sujet d''un travail doit entre 10 et 244 caract?res';
ELSEIF (NEW.cas_etude IS NOT NULL) && (CHAR_LENGTH(NEW.cas_etude) < 2 OR CHAR_LENGTH(NEW.cas_etude) > 99) THEN
SIGNAL SQLSTATE '45000' SET MESSAGE_TEXT = 'Erreur : le cas d''?tude d''un travail doit avoir un nombre de caract?res compris entre 2 et 99';
ELSEIF (NEW.code_classification IS NOT NULL) && (CHAR_LENGTH(NEW.code_classification) < 14 OR CHAR_LENGTH(NEW.code_classification) > 29) THEN
SIGNAL SQLSTATE '45000' SET MESSAGE_TEXT = 'Erreur : le code de classification d''un travail doit avoir un nombre de caract?res compris entre 14 et 29';
ELSEIF NEW.categorie != 'TFC' AND NEW.categorie != 'TFE' THEN 
SIGNAL SQLSTATE '45000' SET MESSAGE_TEXT = 'Erreur : la cat?gorie du travail doit valoir "TFC" ou "TFE"';
ELSEIF NEW.annee_academique < 1960 THEN
SIGNAL SQLSTATE '45000' SET MESSAGE_TEXT = 'Erreur : l''ann?e acad?mique du travail doit ?tre sup?rieur ? 1960';
END IF;
END
$$
DELIMITER ;

--
-- Index pour les tables déchargées
--

--
-- Index pour la table `consultation`
--
ALTER TABLE `consultation`
  ADD PRIMARY KEY (`numero`),
  ADD KEY `fk_lecteur_id_tab_consultation` (`id_lecteur`),
  ADD KEY `fk_travail_id_tab_consultation` (`matr_trav`);

--
-- Index pour la table `domaine_expertise`
--
ALTER TABLE `domaine_expertise`
  ADD PRIMARY KEY (`reference`),
  ADD UNIQUE KEY `intitule` (`intitule`),
  ADD KEY `ind_intitule` (`intitule`);

--
-- Index pour la table `etudiant`
--
ALTER TABLE `etudiant`
  ADD PRIMARY KEY (`code`),
  ADD KEY `fk_option_code_tab_etudiant` (`code_option`);

--
-- Index pour la table `lecteur`
--
ALTER TABLE `lecteur`
  ADD PRIMARY KEY (`identifiant`),
  ADD UNIQUE KEY `pseudonyme` (`pseudonyme`),
  ADD UNIQUE KEY `email` (`email`);

--
-- Index pour la table `mots_ignores_recherche`
--
ALTER TABLE `mots_ignores_recherche`
  ADD UNIQUE KEY `value` (`value`);

--
-- Index pour la table `option`
--
ALTER TABLE `option`
  ADD PRIMARY KEY (`code`),
  ADD UNIQUE KEY `code` (`code`),
  ADD UNIQUE KEY `nom` (`nom`),
  ADD UNIQUE KEY `abrege` (`abrege`);

--
-- Index pour la table `travail`
--
ALTER TABLE `travail`
  ADD PRIMARY KEY (`matricule`),
  ADD UNIQUE KEY `ind_uni_etudiant_categorie_option` (`code_etudiant`,`categorie`),
  ADD KEY `ind_code_classification` (`code_classification`),
  ADD KEY `ind_cas_etude` (`cas_etude`),
  ADD KEY `fk_dom_exp_ref_tab_travail` (`ref_dom_exp`);
ALTER TABLE `travail` ADD FULLTEXT KEY `ind_full_sujet` (`sujet`);

--
-- AUTO_INCREMENT pour les tables déchargées
--

--
-- AUTO_INCREMENT pour la table `consultation`
--
ALTER TABLE `consultation`
  MODIFY `numero` bigint(20) UNSIGNED NOT NULL AUTO_INCREMENT, AUTO_INCREMENT=1458;

--
-- AUTO_INCREMENT pour la table `domaine_expertise`
--
ALTER TABLE `domaine_expertise`
  MODIFY `reference` tinyint(3) UNSIGNED NOT NULL AUTO_INCREMENT, AUTO_INCREMENT=44;

--
-- AUTO_INCREMENT pour la table `lecteur`
--
ALTER TABLE `lecteur`
  MODIFY `identifiant` bigint(20) UNSIGNED NOT NULL AUTO_INCREMENT, AUTO_INCREMENT=2;

--
-- AUTO_INCREMENT pour la table `travail`
--
ALTER TABLE `travail`
  MODIFY `matricule` int(10) UNSIGNED NOT NULL AUTO_INCREMENT, AUTO_INCREMENT=58;

--
-- Contraintes pour les tables déchargées
--

--
-- Contraintes pour la table `consultation`
--
ALTER TABLE `consultation`
  ADD CONSTRAINT `fk_lecteur_id_tab_consultation` FOREIGN KEY (`id_lecteur`) REFERENCES `lecteur` (`identifiant`) ON DELETE CASCADE ON UPDATE CASCADE,
  ADD CONSTRAINT `fk_travail_id_tab_consultation` FOREIGN KEY (`matr_trav`) REFERENCES `travail` (`matricule`) ON DELETE CASCADE ON UPDATE CASCADE;

--
-- Contraintes pour la table `etudiant`
--
ALTER TABLE `etudiant`
  ADD CONSTRAINT `fk_option_code_tab_etudiant` FOREIGN KEY (`code_option`) REFERENCES `option` (`code`) ON UPDATE CASCADE;

--
-- Contraintes pour la table `travail`
--
ALTER TABLE `travail`
  ADD CONSTRAINT `fk_dom_exp_ref_tab_travail` FOREIGN KEY (`ref_dom_exp`) REFERENCES `domaine_expertise` (`reference`),
  ADD CONSTRAINT `fk_etudiant_code_tab_travail` FOREIGN KEY (`code_etudiant`) REFERENCES `etudiant` (`code`) ON UPDATE CASCADE;
COMMIT;

/*!40101 SET CHARACTER_SET_CLIENT=@OLD_CHARACTER_SET_CLIENT */;
/*!40101 SET CHARACTER_SET_RESULTS=@OLD_CHARACTER_SET_RESULTS */;
/*!40101 SET COLLATION_CONNECTION=@OLD_COLLATION_CONNECTION */;
